;estacion;magnitud;ano;mes;value;value;value;value;value;value;value;value;;;;value;value;value;value;value;value;value;value;;;;;;;;;;;;
1;4;1;2021;1;5;5;5;5;6;5;4;3;NA;NA;NA;4;5;8;8;9;8;9;9;NA;NA;NA;NA;NA;NA;NA;NA;NA;NA;NA;NA
2;4;1;2021;2;NA;11;NA;NA;10;11;9;7;7;8;11;11;9;8;9;10;11;10;11;9;9;9;8;9;10;10;9;9;NA;NA;NA
3;4;1;2021;3;10;10;12;10;10;10;10;10;8;8;10;10;8;8;9;9;9;10;8;7;7;10;9;10;10;10;9;9;10;10;10
4;4;1;2021;4;9;10;10;9;9;10;9;10;11;NA;11;9;11;NA;11;11;8;9;10;11;11;11;11;11;11;11;12;12;11;11;NA
5;4;1;2021;5;11;11;11;10;10;11;10;10;10;11;10;11;11;10;10;9;9;9;9;9;9;10;10;11;10;9;10;9;9;9;9
6;4;1;2021;6;10;10;10;10;11;10;10;9;9;9;9;9;9;9;9;10;11;11;10;11;11;11;11;10;10;9;9;9;9;10;NA
7;4;1;2021;7;10;9;8;8;8;10;10;10;9;9;9;NA;8;8;7;7;7;7;7;7;7;8;8;7;7;NA;7;7;7;7;8
8;4;1;2021;8;8;8;7;7;7;NA;8;8;8;8;8;8;NA;NA;NA;NA;8;8;8;8;8;8;8;8;9;9;8;9;9;9;9
9;4;1;2021;9;10;11;10;10;10;10;9;10;10;10;10;10;11;12;11;11;11;10;10;10;10;10;10;10;10;10;11;11;11;10;NA
10;4;1;2021;10;NA;NA;NA;NA;NA;NA;NA;NA;NA;NA;NA;NA;NA;NA;NA;NA;NA;NA;4;4;3;3;4;4;NA;NA;NA;NA;NA;NA;NA
11;4;1;2021;11;NA;NA;NA;NA;NA;NA;NA;NA;NA;NA;NA;NA;NA;NA;NA;NA;NA;NA;NA;NA;NA;NA;NA;NA;NA;NA;NA;NA;NA;NA;NA
12;4;1;2021;12;NA;NA;NA;NA;NA;NA;NA;NA;NA;NA;NA;NA;NA;NA;NA;NA;NA;NA;NA;NA;NA;NA;NA;NA;NA;NA;NA;NA;NA;NA;NA
13;4;8;2021;1;10;23;29;29;54;34;34;27;NA;NA;NA;60;79;91;90;89;79;79;69;NA;NA;NA;NA;NA;NA;NA;NA;NA;NA;NA;NA
14;4;8;2021;2;NA;28;NA;NA;33;25;11;17;24;26;NA;33;27;26;38;52;56;49;NA;30;10;NA;36;35;33;39;35;15;NA;NA;NA
15;4;8;2021;3;39;37;48;45;41;20;21;36;25;42;36;29;27;22;28;19;19;23;16;11;18;50;57;48;49;38;24;16;27;32;30
16;4;8;2021;4;14;12;22;24;33;37;25;25;29;15;11;26;NA;27;25;27;14;13;NA;27;23;31;27;14;20;32;35;27;24;28;NA
17;4;8;2021;5;16;12;12;25;41;40;29;24;13;18;17;14;17;14;13;7;21;31;19;31;37;11;10;21;22;26;26;26;23;10;21
18;4;8;2021;6;19;26;24;28;15;23;32;34;32;27;25;11;11;22;19;20;24;16;12;9;15;27;19;24;27;26;10;20;25;25;NA
19;4;8;2021;7;39;40;19;8;14;19;23;24;30;34;23;20;17;19;23;29;20;13;30;38;36;39;36;12;12;25;28;24;20;18;9
20;4;8;2021;8;7;17;26;14;26;NA;7;12;15;20;32;18;NA;NA;NA;NA;13;15;20;17;24;26;22;15;18;26;22;14;10;12;18
21;4;8;2021;9;17;18;20;23;22;22;17;10;11;10;14;17;21;15;NA;44;39;24;26;31;20;29;25;34;29;17;54;47;44;41;NA
22;4;8;2021;10;NA;NA;NA;NA;NA;NA;NA;NA;43;29;40;39;55;67;56;65;33;46;48;40;36;24;36;42;NA;NA;NA;NA;NA;NA;NA
23;4;8;2021;11;NA;NA;NA;NA;NA;NA;NA;NA;NA;NA;NA;NA;NA;NA;NA;NA;NA;NA;NA;NA;NA;NA;NA;NA;NA;NA;NA;NA;NA;NA;NA
24;4;8;2021;12;NA;NA;NA;NA;NA;NA;NA;NA;NA;NA;NA;NA;NA;NA;NA;NA;NA;NA;NA;NA;NA;NA;NA;NA;NA;NA;NA;NA;NA;NA;NA
25;8;1;2021;1;2;3;2;2;3;3;2;2;2;2;NA;NA;NA;NA;NA;NA;NA;NA;3;2;2;2;2;2;2;2;2;2;2;2;2
26;8;1;2021;2;2;2;2;2;3;2;2;2;2;2;2;2;3;3;3;3;3;3;3;3;2;3;3;3;3;3;3;3;NA;NA;NA
27;8;1;2021;3;3;3;3;3;3;3;3;3;3;3;3;3;3;3;3;3;3;3;3;3;4;4;4;4;4;4;4;3;4;4;4
28;8;1;2021;4;3;3;3;3;3;4;3;3;3;3;3;3;4;4;3;4;3;3;3;3;3;3;3;3;3;3;3;3;3;3;NA
29;8;1;2021;5;3;3;3;4;4;4;4;4;4;4;4;4;4;4;4;4;4;4;4;4;4;4;4;4;4;4;4;4;4;4;4
30;8;1;2021;6;4;4;4;4;4;4;5;5;5;5;5;5;5;5;5;5;5;4;4;4;4;5;4;5;5;5;5;5;5;5;NA
31;8;1;2021;7;6;6;5;5;5;4;5;5;5;5;6;5;5;5;5;6;7;7;6;6;6;NA;7;6;6;5;6;7;7;6;5
32;8;1;2021;8;6;6;6;6;7;6;6;6;6;7;8;NA;NA;NA;NA;NA;NA;13;15;12;9;8;8;8;8;8;8;7;6;6;6
33;8;1;2021;9;6;6;6;6;6;6;6;6;6;6;6;6;6;6;5;5;5;5;6;4;2;1;1;1;1;1;1;1;1;1;NA
34;8;1;2021;10;1;1;1;1;1;1;1;NA;1;1;1;1;2;2;1;2;1;2;2;2;2;2;2;2;3;2;2;2;2;2;2
35;8;1;2021;11;2;2;2;3;3;3;3;3;3;3;4;3;3;3;3;3;3;3;3;3;3;2;2;3;3;3;3;3;3;3;NA
36;8;1;2021;12;3;3;3;3;3;3;3;3;3;3;3;3;4;5;5;4;4;4;3;4;4;3;3;3;3;3;3;3;3;4;4
37;8;8;2021;1;23;36;42;47;61;41;43;35;24;27;39;57;69;76;78;82;68;83;72;72;32;32;20;19;28;30;32;25;27;20;17
38;8;8;2021;2;31;28;31;35;37;29;20;29;33;35;34;35;35;34;33;43;52;51;49;32;18;36;44;43;41;45;40;18;NA;NA;NA
39;8;8;2021;3;47;40;49;54;40;25;22;45;32;48;41;35;39;27;33;28;26;30;22;21;22;47;58;50;59;43;25;20;33;36;37
40;8;8;2021;4;23;20;31;26;36;52;29;28;34;20;18;31;46;29;27;30;22;18;46;38;30;34;29;22;27;36;39;34;28;33;NA
41;8;8;2021;5;24;18;18;32;43;42;33;28;19;26;28;29;30;28;21;15;24;32;24;30;42;21;13;25;26;26;30;26;23;18;23
42;8;8;2021;6;27;32;30;37;21;27;33;43;45;34;29;16;17;31;27;26;36;26;20;15;23;34;21;30;37;36;18;21;28;36;NA
43;8;8;2021;7;43;42;24;18;27;28;27;26;35;40;28;22;17;22;31;43;27;16;30;46;37;46;55;19;17;24;33;37;33;35;16
44;8;8;2021;8;11;21;30;20;34;27;16;19;21;27;40;31;NA;NA;NA;NA;NA;23;28;28;36;31;27;23;24;43;42;27;17;24;31
45;8;8;2021;9;27;31;41;35;42;45;42;29;31;30;31;38;47;28;33;45;41;29;25;27;23;28;27;41;32;23;61;49;46;44;NA
46;8;8;2021;10;51;47;20;36;40;45;61;55;40;30;38;36;49;56;62;65;33;52;52;45;42;25;35;44;65;56;67;61;51;24;18
47;8;8;2021;11;26;28;35;46;32;33;54;58;58;53;83;60;55;40;33;51;41;52;44;40;39;43;41;38;52;59;33;27;38;64;NA
48;8;8;2021;12;52;28;30;23;NA;15;18;12;17;17;20;20;19;50;69;58;58;50;40;61;58;46;52;36;23;28;24;31;45;58;51
49;8;9;2021;1;3;4;5;5;12;8;7;6;4;6;NA;NA;NA;NA;NA;NA;NA;NA;17;16;NA;3;3;3;3;5;9;8;7;3;4
50;8;9;2021;2;4;4;5;8;12;7;3;2;2;4;6;5;6;7;7;12;13;23;21;13;17;2;5;12;13;13;11;11;NA;NA;NA
51;8;9;2021;3;13;12;21;24;21;15;10;9;7;10;9;6;6;5;5;4;2;4;3;2;4;8;7;8;11;10;11;10;7;8;8
52;8;9;2021;4;8;11;10;10;8;8;4;6;8;10;6;4;7;9;9;NA;7;7;8;10;6;9;5;8;7;14;NA;NA;8;7;NA
53;8;9;2021;5;7;5;8;9;NA;9;9;10;11;4;3;4;7;6;NA;NA;4;6;4;NA;NA;3;5;4;5;9;9;10;8;10;12
54;8;9;2021;6;14;9;9;7;13;13;10;9;NA;11;11;7;8;9;9;12;13;9;3;4;4;5;4;6;8;11;6;4;5;8;NA
55;8;9;2021;7;10;9;6;7;5;8;7;4;9;11;17;7;5;5;5;10;9;8;7;11;15;14;14;7;6;10;16;7;21;6;5
56;8;9;2021;8;5;5;10;9;8;6;6;6;20;31;28;15;NA;NA;NA;NA;NA;11;11;12;7;9;10;12;20;20;7;5;4;8;15
57;8;9;2021;9;37;27;15;6;15;13;7;12;11;5;3;8;21;35;21;13;10;NA;NA;5;3;4;6;36;20;3;4;5;5;9;NA
58;8;9;2021;10;9;12;10;4;5;6;7;9;4;7;7;8;5;7;12;10;13;13;13;9;6;3;4;7;9;8;12;10;13;NA;NA
59;8;9;2021;11;NA;NA;4;7;4;6;12;9;10;9;19;10;12;10;3;7;5;7;6;5;8;7;5;7;6;8;4;3;4;9;NA
60;8;9;2021;12;13;5;5;5;2;3;7;3;3;5;6;9;9;9;8;11;10;11;7;12;18;13;10;7;3;5;3;3;10;10;12
61;8;10;2021;1;4;6;9;9;20;14;12;11;5;7;NA;NA;NA;NA;NA;NA;NA;NA;22;20;NA;7;6;9;5;8;16;12;14;7;8
62;8;10;2021;2;12;9;9;14;35;15;6;6;7;12;13;10;12;13;14;21;26;78;82;35;53;7;11;30;45;45;27;29;NA;NA;NA
63;8;10;2021;3;34;42;82;78;59;38;22;20;14;18;19;13;14;11;12;13;9;10;7;5;9;20;19;24;28;38;27;26;26;29;28
64;8;10;2021;4;30;16;19;19;18;16;14;17;17;21;10;9;15;19;17;15;13;12;16;20;14;NA;10;13;10;21;NA;NA;14;15;NA
65;8;10;2021;5;11;8;15;16;NA;20;20;22;21;8;7;10;14;13;NA;NA;12;16;10;NA;NA;9;9;10;15;21;21;18;15;18;23
66;8;10;2021;6;24;21;22;17;20;17;16;20;17;NA;25;16;15;22;29;29;19;17;6;9;11;12;9;12;17;22;14;9;12;17;NA
67;8;10;2021;7;21;20;14;13;12;14;12;9;20;24;59;18;12;14;16;23;19;15;16;27;32;33;32;14;11;15;24;16;33;15;11
68;8;10;2021;8;9;13;19;14;15;15;11;13;31;48;68;35;NA;NA;NA;NA;NA;23;24;23;21;24;25;26;35;33;16;17;11;18;29
69;8;10;2021;9;40;31;19;10;22;23;16;17;15;9;10;13;37;41;24;19;19;NA;NA;10;7;10;13;47;25;6;14;15;14;20;NA
70;8;10;2021;10;20;23;12;9;11;14;19;22;16;16;15;18;9;23;28;25;20;25;24;22;16;9;14;20;28;NA;32;27;25;NA;NA
71;8;10;2021;11;NA;NA;6;10;6;8;19;17;18;18;32;22;21;16;6;14;8;11;10;8;12;9;8;10;10;12;6;5;6;14;NA
72;8;10;2021;12;17;7;8;8;4;5;10;4;6;7;9;12;14;15;15;16;15;13;10;17;26;18;13;8;4;5;6;7;15;14;15
73;8;14;2021;1;51;42;31;33;22;31;27;35;47;49;NA;NA;NA;NA;NA;NA;NA;NA;20;17;42;48;52;58;36;23;15;15;17;46;59
74;8;14;2021;2;44;33;24;30;30;36;52;49;51;52;26;39;44;37;46;32;24;20;22;47;58;48;33;34;32;33;44;60;NA;NA;NA
75;8;14;2021;3;35;46;30;14;35;51;53;22;39;32;23;26;33;NA;NA;60;57;61;61;72;65;39;38;52;41;47;60;71;70;65;65
76;8;14;2021;4;74;51;42;70;64;52;67;56;47;55;49;63;43;53;59;66;83;83;50;45;59;49;63;73;55;40;38;40;59;57;NA
77;8;14;2021;5;63;80;74;64;60;48;46;55;59;51;59;56;49;59;39;22;61;43;64;62;38;69;62;51;67;64;57;59;64;71;59
78;8;14;2021;6;52;65;72;58;50;55;60;61;68;77;72;82;86;83;70;69;46;50;66;58;50;40;61;75;71;71;75;67;76;68;NA
79;8;14;2021;7;62;57;52;65;53;31;54;61;66;72;83;64;65;63;77;80;95;104;91;78;87;81;62;82;82;72;71;70;69;81;65
80;8;14;2021;8;66;78;65;70;61;62;76;72;55;63;54;73;69;NA;NA;NA;NA;78;77;71;67;81;75;70;83;74;78;82;79;65;56
81;8;14;2021;9;51;47;56;77;66;45;56;52;46;53;46;48;32;26;37;35;46;53;61;52;52;56;59;32;51;64;34;45;45;51;NA
82;8;14;2021;10;40;48;46;41;32;35;38;25;57;57;48;55;51;43;41;36;57;23;33;46;42;56;48;42;27;45;29;33;34;32;28
83;8;14;2021;11;46;47;50;33;51;49;27;29;30;37;13;31;28;35;49;26;42;32;33;36;27;13;23;22;18;18;46;54;43;14;NA
84;8;14;2021;12;12;34;20;13;47;47;19;55;47;43;34;13;14;15;18;16;16;20;30;9;9;14;14;17;38;30;45;40;19;10;13
85;11;8;2021;1;17;27;31;37;60;32;29;20;18;18;51;74;95;111;126;141;100;93;73;78;23;25;15;13;23;28;40;36;32;11;10
86;11;8;2021;2;22;22;38;43;31;29;12;19;30;26;34;31;33;36;33;43;63;53;58;38;15;33;47;40;28;35;30;15;NA;NA;NA
87;11;8;2021;3;33;35;46;54;35;22;20;40;23;39;36;32;29;25;24;16;13;18;18;11;17;40;54;42;48;37;17;14;27;25;25
88;11;8;2021;4;15;17;27;25;32;49;27;29;27;20;13;22;31;24;30;29;19;16;38;37;24;33;24;13;21;37;42;32;18;30;NA
89;11;8;2021;5;18;14;14;34;43;36;36;33;16;17;21;16;12;23;15;9;26;37;15;35;44;14;10;23;22;28;29;32;25;14;27
90;11;8;2021;6;24;41;30;37;19;28;33;34;37;32;22;10;12;28;22;33;34;25;19;8;16;34;15;34;32;26;10;19;28;27;NA
91;11;8;2021;7;36;41;20;11;21;20;26;21;35;38;18;20;14;16;31;37;19;14;30;40;45;40;48;16;15;24;29;28;28;21;11
92;11;8;2021;8;10;22;26;19;38;19;10;17;22;30;36;24;38;35;17;17;13;17;24;24;29;28;23;21;23;38;34;19;13;18;31
93;11;8;2021;9;25;29;42;37;39;32;39;24;26;22;27;32;42;32;30;46;35;27;17;19;12;19;20;36;26;21;70;42;39;45;NA
94;11;8;2021;10;46;35;15;33;32;33;59;55;38;23;31;35;40;59;53;66;29;54;60;40;34;14;34;42;64;53;70;53;50;18;12
95;11;8;2021;11;17;23;25;45;29;26;50;48;49;50;89;51;43;36;23;46;29;44;33;25;35;42;37;40;51;NA;25;19;28;62;NA
96;11;8;2021;12;56;37;48;31;15;19;38;14;26;33;49;60;53;58;79;67;60;46;37;57;56;50;57;38;26;23;13;19;48;52;49
97;16;8;2021;1;18;23;34;35;58;29;26;20;15;18;52;74;81;97;117;112;93;85;62;68;28;22;19;14;23;31;40;34;32;10;12
98;16;8;2021;2;23;26;37;38;24;25;12;21;28;23;42;27;33;32;29;48;57;50;56;32;13;26;39;33;24;29;30;13;NA;NA;NA
99;16;8;2021;3;30;31;41;47;35;18;19;33;16;44;43;27;29;25;16;12;9;13;12;9;12;30;52;43;49;36;15;11;23;19;19
100;16;8;2021;4;14;16;22;20;26;39;18;20;21;15;13;19;33;20;20;19;13;13;35;35;21;23;17;9;15;28;38;30;20;27;NA
101;16;8;2021;5;14;9;11;27;36;26;29;24;11;15;13;13;14;17;15;8;17;28;9;27;37;9;8;17;15;19;22;21;15;8;19
102;16;8;2021;6;17;26;20;25;14;21;22;25;28;21;17;8;9;21;18;21;24;18;14;8;13;24;12;17;22;21;10;14;23;21;NA
103;16;8;2021;7;28;35;17;7;21;19;20;13;25;25;16;11;10;12;20;29;16;11;18;29;34;34;41;12;12;18;22;23;19;23;8
104;16;8;2021;8;7;17;21;12;31;17;7;14;14;19;27;18;28;30;16;13;10;15;21;20;31;24;20;16;17;32;28;20;11;20;26
105;16;8;2021;9;19;23;31;26;24;27;35;19;22;16;25;26;34;22;23;39;27;24;22;17;11;14;14;28;21;21;61;35;35;31;NA
106;16;8;2021;10;40;37;12;26;29;33;53;47;31;18;28;28;35;48;50;60;28;46;44;36;31;12;31;38;56;44;63;48;52;19;14
107;16;8;2021;11;14;25;18;33;17;18;48;40;43;49;74;48;44;30;18;41;26;41;30;27;37;38;30;37;45;51;21;17;22;62;NA
108;16;8;2021;12;56;30;56;47;12;24;40;11;NA;18;43;48;41;44;64;58;57;42;35;55;48;46;51;37;20;26;17;24;42;42;40
109;16;14;2021;1;51;47;32;38;14;30;30;40;50;49;29;16;16;11;7;5;11;10;15;12;38;51;47;60;34;17;10;8;12;43;50
110;16;14;2021;2;40;26;17;22;26;33;44;43;43;49;18;37;38;30;36;22;17;17;16;36;52;44;25;25;29;30;35;50;NA;NA;NA
111;16;14;2021;3;33;36;23;9;22;44;47;30;48;33;24;35;40;43;58;57;55;58;55;65;58;39;29;43;37;40;51;57;55;58;56
112;16;14;2021;4;60;46;34;58;55;45;57;48;43;46;46;57;34;42;49;56;70;69;46;37;48;46;58;68;47;36;32;38;55;49;NA
113;16;14;2021;5;57;65;60;49;47;48;49;53;61;55;63;61;58;63;41;25;61;43;63;60;51;85;70;66;79;78;70;71;80;86;66
114;16;14;2021;6;56;67;76;65;58;59;67;73;76;87;79;89;93;92;86;83;57;60;76;66;61;50;66;84;81;93;82;79;82;80;NA
115;16;14;2021;7;75;65;61;78;63;44;61;67;73;83;89;75;67;66;82;90;100;104;98;91;91;92;71;88;86;72;84;83;89;94;73
116;16;14;2021;8;68;80;70;81;59;71;85;75;76;80;68;83;78;65;76;97;87;87;86;82;75;85;78;75;94;71;92;91;86;73;66
117;16;14;2021;9;62;55;62;82;80;58;60;64;58;66;52;57;39;37;48;39;54;58;59;59;58;64;67;41;67;72;33;54;51;56;NA
118;16;14;2021;10;46;53;55;48;41;41;37;32;59;63;50;54;53;46;44;35;56;28;33;48;49;63;46;44;31;49;30;41;35;42;40
119;16;14;2021;11;59;53;63;36;56;51;28;36;37;34;15;32;30;37;54;27;44;33;35;35;24;17;27;17;20;23;50;56;54;15;NA
120;16;14;2021;12;15;44;25;21;66;51;21;67;NA;56;35;14;17;21;21;16;15;21;28;9;9;14;14;19;38;30;48;42;19;13;16
121;17;8;2021;1;13;31;39;45;67;54;38;28;16;24;55;77;107;127;143;131;112;134;107;77;21;24;15;14;17;21;33;28;29;12;10
122;17;8;2021;2;18;23;34;35;33;33;15;21;23;24;37;26;36;43;34;50;66;59;61;42;13;27;51;41;35;52;59;22;NA;NA;NA
123;17;8;2021;3;40;38;50;49;46;27;21;45;26;45;39;31;37;20;27;14;10;15;15;9;22;49;62;65;54;40;27;21;30;25;34
124;17;8;2021;4;21;19;33;27;44;42;20;17;22;21;13;26;47;24;19;19;17;17;40;37;27;28;19;11;21;32;31;26;19;26;NA
125;17;8;2021;5;26;11;12;37;42;39;34;35;14;18;15;14;18;17;18;10;21;31;17;32;39;15;10;25;18;22;23;28;25;15;17
126;17;8;2021;6;21;26;20;30;12;25;28;31;40;27;22;10;13;26;18;18;23;20;18;11;13;25;20;24;35;35;11;17;28;25;NA
127;17;8;2021;7;34;36;17;10;21;19;22;22;34;30;34;15;13;18;27;41;26;15;26;54;45;42;47;19;16;25;26;32;21;23;14
128;17;8;2021;8;9;17;20;15;29;22;12;21;16;27;34;28;56;43;28;34;16;22;26;26;42;44;22;21;18;35;40;21;15;17;NA
129;17;8;2021;9;NA;32;48;49;45;41;41;20;25;23;31;42;54;28;35;41;44;31;34;34;14;22;17;36;29;30;64;53;50;42;NA
130;17;8;2021;10;61;46;17;41;33;50;76;73;43;33;44;49;56;68;68;66;36;45;55;45;41;15;39;59;77;60;72;70;41;20;14
131;17;8;2021;11;19;27;27;46;40;36;59;64;68;76;87;78;66;46;37;63;39;51;35;35;42;41;32;45;50;64;27;16;29;73;NA
132;17;8;2021;12;51;39;50;41;18;22;38;15;24;23;48;61;64;86;105;78;79;52;42;68;67;53;52;39;26;28;18;25;49;63;58
133;17;14;2021;1;65;47;28;32;19;18;25;37;55;51;22;16;9;6;4;6;11;5;9;12;49;56;57;61;45;33;20;16;18;53;66
134;17;14;2021;2;53;38;24;35;31;34;55;57;62;65;26;50;47;28;46;26;20;20;20;35;68;60;25;29;37;30;26;54;NA;NA;NA
135;17;14;2021;3;40;47;24;14;30;53;60;27;54;36;31;40;42;62;68;78;75;78;70;89;65;33;32;30;35;44;53;64;67;70;59
136;17;14;2021;4;73;54;35;66;50;50;69;60;52;52;55;64;35;54;64;75;84;81;49;43;55;54;63;78;57;40;44;49;65;61;NA
137;17;14;2021;5;56;84;79;54;57;46;54;54;68;61;70;71;65;76;52;31;69;52;78;67;48;80;73;58;79;78;73;NA;NA;NA;66
138;17;14;2021;6;54;65;73;61;62;61;65;69;66;85;81;95;94;97;87;84;55;54;66;58;56;47;59;76;66;68;77;73;73;72;NA
139;17;14;2021;7;66;61;57;69;57;39;55;63;62;78;81;67;67;65;78;74;88;98;89;60;72;75;60;76;76;67;71;66;74;86;63
140;17;14;2021;8;63;69;62;70;62;61;74;64;60;60;54;68;50;52;62;84;86;76;74;68;59;58;74;67;82;76;71;82;74;66;58
141;17;14;2021;9;46;47;45;58;55;43;52;60;50;55;45;48;NA;26;35;40;42;51;53;49;62;59;67;36;57;59;30;40;43;52;NA
142;17;14;2021;10;32;46;49;35;38;31;24;19;54;55;43;44;46;33;36;28;53;30;31;41;44;67;47;31;23;42;28;26;42;38;34
143;17;14;2021;11;52;51;58;34;41;46;21;21;19;20;11;15;17;25;41;NA;NA;30;36;35;19;13;26;13;17;14;50;66;53;14;NA
144;17;14;2021;12;19;44;30;25;64;58;22;69;58;58;38;12;11;10;9;13;13;20;31;7;6;12;11;16;34;31;54;46;14;9;8
145;18;8;2021;1;12;24;36;28;52;45;35;26;21;20;44;61;89;102;103;104;91;86;72;73;16;16;12;10;14;18;27;22;22;7;7
146;18;8;2021;2;14;18;NA;36;30;28;11;13;19;15;34;17;28;35;30;41;52;42;49;34;12;19;38;36;30;42;43;17;NA;NA;NA
147;18;8;2021;3;36;36;48;45;37;24;22;38;20;41;28;25;26;20;26;14;11;14;14;10;18;46;45;47;41;35;24;18;27;24;25
148;18;8;2021;4;14;12;23;23;31;34;20;20;27;16;10;23;35;23;19;19;12;13;31;25;21;21;17;12;21;23;27;22;13;20;NA
149;18;8;2021;5;15;12;10;23;28;29;24;24;11;11;10;10;10;12;13;7;15;22;12;24;33;9;8;13;NA;17;23;23;18;10;16
150;18;8;2021;6;16;21;16;20;13;20;23;25;30;21;19;9;10;21;17;18;20;18;11;7;10;19;14;17;21;24;8;11;20;19;NA
151;18;8;2021;7;NA;29;11;8;13;14;14;18;24;26;23;8;10;16;21;28;18;12;18;32;29;34;27;9;9;19;23;24;18;16;8
152;18;8;2021;8;7;14;21;9;16;14;7;12;14;20;30;16;34;36;19;22;11;16;20;16;30;29;22;17;16;33;30;15;12;13;23
153;18;8;2021;9;20;27;28;34;37;35;33;15;16;16;20;34;40;26;29;37;30;18;26;26;11;19;16;29;20;16;47;39;37;37;NA
154;18;8;2021;10;43;32;12;26;31;39;56;52;33;27;35;40;41;53;47;55;32;41;50;37;29;15;31;43;62;47;59;50;40;16;11
155;18;8;2021;11;11;20;17;37;31;29;50;51;58;58;70;61;51;38;31;49;35;47;36;33;33;39;40;33;47;56;17;11;22;61;NA
156;18;8;2021;12;38;31;38;32;12;16;36;11;18;15;40;46;51;60;77;61;59;43;39;54;55;47;47;39;27;21;14;19;42;47;46
157;18;10;2021;1;4;6;7;6;12;12;7;6;5;5;10;15;23;30;28;32;25;22;14;14;3;4;6;8;5;6;10;5;8;5;7
158;18;10;2021;2;9;6;9;15;35;12;5;6;7;9;13;6;11;13;14;16;22;84;83;41;54;6;8;23;53;53;33;32;NA;NA;NA
159;18;10;2021;3;40;52;97;95;73;46;25;23;12;19;18;10;12;10;14;14;8;9;8;9;11;19;24;22;26;38;34;30;27;34;30
160;18;10;2021;4;30;13;27;25;20;21;15;19;20;23;7;7;19;16;20;17;14;13;21;15;16;10;12;12;15;17;17;12;9;15;NA
161;18;10;2021;5;9;11;12;13;18;20;19;20;22;9;9;13;10;13;15;13;12;17;15;18;29;12;13;9;21;23;25;20;16;20;27
162;18;10;2021;6;22;24;25;20;17;20;18;20;22;26;29;16;17;24;34;32;16;16;9;9;10;10;7;11;17;26;14;10;15;22;NA
163;18;10;2021;7;11;20;13;14;17;12;12;11;25;28;83;25;16;17;21;26;22;24;23;32;34;40;27;12;13;18;21;27;32;20;14
164;18;10;2021;8;12;16;20;11;15;21;11;16;30;39;83;55;53;64;47;24;17;24;35;30;33;29;35;37;39;44;36;25;24;16;20
165;18;10;2021;9;16;18;19;16;20;23;21;12;13;11;10;21;27;22;21;22;21;12;11;16;9;8;14;35;21;10;19;15;15;18;NA
166;18;10;2021;10;20;15;8;9;11;12;18;14;19;19;17;16;18;17;22;24;22;25;25;21;11;9;11;15;22;21;20;22;18;NA;32
167;18;10;2021;11;7;8;7;10;7;5;14;12;12;11;25;18;18;12;6;12;9;12;13;17;18;18;9;9;8;NA;2;3;6;19;NA
168;18;10;2021;12;14;3;5;12;2;5;20;4;7;12;16;14;22;18;24;19;19;16;16;23;31;24;18;11;6;6;6;9;20;21;22
169;18;14;2021;1;61;50;31;45;19;21;31;41;52;54;31;22;10;7;7;8;13;10;12;10;56;63;60;66;48;35;24;20;23;55;67
170;18;14;2021;2;55;42;27;35;33;39;54;60;62;67;28;55;52;30;45;30;21;24;23;34;65;63;30;29;41;31;32;55;NA;NA;NA
171;18;14;2021;3;43;48;26;13;32;52;58;24;59;25;36;45;48;59;65;73;70;75;68;84;67;34;38;37;41;40;52;62;62;70;63
172;18;14;2021;4;76;56;37;63;56;50;68;58;47;52;54;64;41;52;62;70;84;79;53;48;54;54;67;75;55;43;42;48;63;61;NA
173;18;14;2021;5;61;79;76;61;61;48;58;56;65;61;69;75;71;80;53;32;74;57;82;74;48;85;77;68;NA;82;75;78;80;89;73
174;18;14;2021;6;64;73;82;70;66;66;71;73;71;91;87;98;98;100;89;86;60;58;71;61;56;49;63;82;80;75;78;75;78;76;NA
175;18;14;2021;7;66;62;58;68;57;38;58;66;70;76;75;69;66;67;82;84;94;97;91;74;86;79;70;82;79;73;73;72;79;90;65
176;18;14;2021;8;64;76;64;71;69;64;74;70;67;66;54;75;63;51;62;86;83;73;74;71;62;66;72;67;80;70;74;80;71;66;54
177;18;14;2021;9;48;45;52;62;55;43;52;55;49;52;45;39;26;28;33;37;43;51;50;44;54;55;62;40;56;62;31;37;43;47;NA
178;18;14;2021;10;38;51;50;43;36;35;27;23;57;56;44;43;44;33;37;32;50;26;27;35;47;63;45;31;18;43;26;30;39;39;37
179;18;14;2021;11;56;54;59;35;40;47;20;21;21;24;8;17;16;24;43;16;42;33;36;39;26;13;20;17;17;14;55;66;55;14;NA
180;18;14;2021;12;19;47;36;31;66;59;20;66;56;60;39;10;8;8;5;10;9;17;28;3;4;10;9;13;31;33;51;47;11;5;6
181;24;8;2021;1;3;9;21;12;37;32;25;18;NA;NA;22;55;79;95;85;90;83;72;65;65;7;5;4;4;4;7;13;13;11;2;3
182;24;8;2021;2;5;9;21;28;21;16;5;4;NA;NA;NA;7;15;24;24;26;40;31;38;26;8;11;28;24;22;25;22;11;NA;NA;NA
183;24;8;2021;3;24;26;33;38;26;17;17;26;12;24;15;10;13;10;14;10;7;8;7;5;10;30;27;31;24;17;18;11;17;18;13
184;24;8;2021;4;9;6;12;13;16;22;15;15;19;8;5;16;22;15;12;14;7;8;17;16;11;11;11;7;13;9;15;9;5;10;NA
185;24;8;2021;5;7;8;7;11;14;14;13;13;6;4;2;3;3;3;6;2;7;11;7;13;17;3;6;4;10;9;17;16;10;5;10
186;24;8;2021;6;9;12;9;10;9;12;12;15;16;11;14;6;5;12;10;13;12;13;6;4;4;11;NA;NA;NA;NA;NA;NA;NA;NA;NA
187;24;8;2021;7;NA;15;5;3;6;7;8;11;11;17;NA;NA;6;8;13;15;8;6;9;16;15;19;13;4;5;15;14;12;13;7;4
188;24;8;2021;8;4;10;12;3;7;6;2;4;9;12;18;11;19;25;11;11;7;8;11;11;15;12;14;11;12;16;24;8;7;5;14
189;24;8;2021;9;16;19;16;19;23;28;18;8;8;6;12;25;26;19;17;26;18;8;15;14;7;12;10;17;12;10;31;26;19;24;NA
190;24;8;2021;10;26;20;5;12;10;25;36;40;18;16;17;20;22;34;39;37;23;32;36;27;17;9;20;32;54;33;44;40;21;7;3
191;24;8;2021;11;3;NA;5;24;18;15;33;25;39;33;56;41;36;23;14;31;22;33;25;23;17;26;32;18;29;36;5;2;8;39;NA
192;24;8;2021;12;22;11;20;13;2;5;19;2;7;5;25;35;39;40;51;52;44;32;23;39;37;33;38;24;16;11;4;5;28;36;35
193;24;9;2021;1;3;3;6;5;12;12;7;6;NA;NA;14;26;37;48;40;54;46;29;25;24;3;3;3;4;2;4;5;6;7;4;3
194;24;9;2021;2;4;3;5;9;14;7;3;3;NA;NA;NA;4;6;11;11;14;15;26;24;21;23;3;8;15;18;17;17;16;NA;NA;NA
195;24;9;2021;3;16;18;28;30;28;20;16;12;10;13;11;5;8;5;5;6;3;5;3;3;7;11;10;14;13;13;16;14;8;11;11
196;24;9;2021;4;12;6;12;12;11;8;6;9;10;13;4;5;10;10;11;9;7;9;11;9;6;5;6;8;7;9;9;5;6;6;NA
197;24;9;2021;5;7;7;7;7;9;10;7;10;7;5;4;5;5;5;6;5;5;8;5;7;13;6;6;4;8;10;10;13;10;11;12
198;24;9;2021;6;12;12;12;9;9;15;10;12;12;14;14;10;9;12;13;12;12;11;7;7;6;5;NA;NA;NA;NA;NA;NA;NA;NA;NA
199;24;9;2021;7;NA;8;7;7;6;6;7;6;11;13;NA;NA;5;9;8;11;10;11;13;17;17;17;16;6;8;10;12;13;13;12;9
200;24;9;2021;8;6;8;9;7;9;10;7;7;9;11;20;16;17;22;16;10;5;8;11;9;10;10;11;10;11;14;14;12;9;7;9
201;24;9;2021;9;6;9;9;11;11;11;8;4;3;4;5;8;15;8;5;9;7;6;5;6;3;4;5;8;8;5;9;9;6;9;NA
202;24;9;2021;10;12;10;4;4;4;5;7;7;6;6;8;9;6;8;10;13;12;12;11;12;6;3;5;8;11;9;12;13;11;3;2
203;24;9;2021;11;4;NA;2;5;5;4;10;7;7;7;15;10;12;10;4;7;6;7;6;7;10;7;10;7;5;9;3;3;3;8;NA
204;24;9;2021;12;10;2;3;5;3;2;8;3;3;3;7;12;13;12;9;14;13;14;9;15;21;16;13;9;6;6;4;4;11;14;16
205;24;10;2021;1;3;4;8;6;16;14;8;7;NA;NA;15;28;40;55;44;59;51;34;28;27;4;4;5;6;4;5;7;8;9;6;6
206;24;10;2021;2;8;4;8;13;38;12;4;4;NA;NA;NA;5;9;14;16;20;24;86;89;45;61;5;11;33;50;50;31;30;NA;NA;NA
207;24;10;2021;3;35;49;87;89;68;43;26;20;15;18;16;9;12;9;10;12;8;9;6;6;12;19;18;25;22;34;36;29;25;32;31
208;24;10;2021;4;33;10;21;25;20;15;14;18;18;21;6;8;14;16;18;15;12;14;17;15;10;8;10;12;11;14;15;9;10;11;NA
209;24;10;2021;5;10;11;12;11;15;17;15;22;18;10;7;11;10;10;11;10;11;18;13;18;27;14;14;10;18;21;22;24;19;21;29
210;24;10;2021;6;24;26;25;19;18;24;20;24;24;27;30;20;20;28;38;35;20;21;13;13;13;10;NA;NA;NA;NA;NA;NA;NA;NA;NA
211;24;10;2021;7;NA;17;16;13;13;14;13;14;24;29;NA;NA;13;17;18;25;22;22;24;32;36;38;31;14;15;17;22;24;29;23;17
212;24;10;2021;8;10;17;20;14;17;21;14;14;21;30;76;47;49;67;45;23;13;20;25;29;22;25;30;26;28;33;30;26;19;15;21
213;24;10;2021;9;12;14;14;16;18;24;23;9;7;7;10;19;32;16;9;16;12;9;10;10;6;7;11;20;14;9;15;16;12;17;NA
214;24;10;2021;10;20;17;7;7;6;11;14;15;12;13;16;16;12;18;21;27;19;21;21;23;12;9;11;16;23;22;25;25;19;5;5
215;24;10;2021;11;6;NA;3;9;7;6;14;11;13;14;26;17;18;15;7;12;10;13;12;12;15;11;14;10;9;14;4;5;5;14;NA
216;24;10;2021;12;13;4;6;7;5;4;11;4;5;5;11;16;19;18;17;22;19;18;14;22;32;25;18;13;9;8;9;9;18;21;20
217;24;14;2021;1;65;57;38;55;23;24;33;44;NA;NA;39;23;13;9;11;10;13;13;11;8;57;68;61;70;51;36;27;20;25;57;67
218;24;14;2021;2;63;45;31;35;35;42;52;63;NA;NA;NA;59;56;31;43;32;24;26;24;36;65;66;32;36;43;37;40;58;NA;NA;NA
219;24;14;2021;3;48;51;29;13;34;53;52;27;61;44;42;53;55;62;68;71;71;77;69;83;70;42;50;53;57;58;58;66;72;75;72
220;24;14;2021;4;80;57;41;70;70;60;72;63;52;56;56;69;47;56;68;74;90;84;63;57;63;59;73;80;56;49;49;54;73;70;NA
221;24;14;2021;5;69;82;80;69;72;62;68;67;72;69;80;80;79;89;58;37;81;65;87;83;63;92;80;76;89;89;79;77;82;92;74
222;24;14;2021;6;63;73;84;75;66;61;75;79;80;95;86;95;100;103;90;83;52;50;65;59;57;45;NA;NA;NA;NA;NA;NA;NA;NA;NA
223;24;14;2021;7;NA;72;60;69;63;40;58;66;76;72;NA;NA;65;69;84;89;96;98;95;86;96;92;82;84;81;63;75;81;79;95;70
224;24;14;2021;8;64;79;71;77;75;70;78;75;73;73;63;80;76;60;71;93;87;85;86;79;77;82;80;74;86;93;68;90;79;75;66
225;24;14;2021;9;46;41;56;70;66;48;66;63;58;64;51;47;36;28;38;40;49;59;57;53;60;63;68;40;59;62;41;47;64;59;NA
226;24;14;2021;10;45;55;54;49;48;40;37;29;61;60;55;48;44;44;39;34;43;21;31;37;48;58;44;32;19;51;28;32;49;35;29
227;24;14;2021;11;52;NA;63;35;43;47;22;30;27;31;9;23;19;27;49;20;42;33;37;38;28;12;13;19;23;21;62;68;61;19;NA
228;24;14;2021;12;25;57;43;38;69;61;25;68;61;62;43;7;6;11;9;10;11;21;33;3;4;13;17;26;40;42;62;58;23;13;15
229;27;8;2021;1;19;27;31;29;55;35;36;26;9;15;46;67;74;84;111;111;91;84;69;68;25;15;12;9;19;36;35;38;33;6;9
230;27;8;2021;2;15;23;35;34;27;20;10;16;22;18;45;20;41;31;31;49;48;41;48;33;12;32;35;31;31;32;32;12;NA;NA;NA
231;27;8;2021;3;31;31;41;37;28;21;21;24;16;39;34;25;26;28;19;11;9;13;11;7;16;29;52;48;42;31;19;18;28;26;27
232;27;8;2021;4;20;19;24;23;31;37;14;20;23;18;12;15;32;20;19;19;13;15;31;31;20;21;14;12;15;26;33;28;17;26;NA
233;27;8;2021;5;14;14;12;26;31;30;29;27;11;16;8;10;13;13;18;6;13;28;10;30;32;7;9;20;15;19;23;16;20;12;20
234;27;8;2021;6;17;25;19;19;12;20;25;24;30;28;19;10;14;21;13;18;21;15;18;8;11;24;12;18;24;23;9;12;22;20;NA
235;27;8;2021;7;28;34;21;8;20;17;21;16;29;30;26;9;8;11;22;28;26;22;24;34;37;36;36;22;18;22;24;25;22;23;15
236;27;8;2021;8;10;27;25;14;30;26;9;17;18;24;31;24;36;40;29;33;13;22;26;23;36;37;23;25;19;38;35;32;23;22;27
237;27;8;2021;9;20;27;35;37;38;35;33;21;27;16;30;36;39;25;24;37;29;24;28;22;10;16;18;25;21;25;57;39;43;35;NA
238;27;8;2021;10;49;32;12;31;30;35;55;51;38;31;32;34;36;54;48;60;31;43;43;32;33;12;39;45;52;49;55;47;46;15;12
239;27;8;2021;11;9;24;14;36;21;25;47;41;42;54;60;53;43;30;23;38;26;47;27;30;41;32;29;36;45;46;21;25;16;63;NA
240;27;8;2021;12;55;40;68;40;10;26;36;6;17;12;46;42;44;50;68;69;60;33;38;49;47;46;46;39;21;28;12;19;43;45;41
241;27;14;2021;1;46;43;31;43;15;26;23;37;57;55;33;19;18;14;8;10;14;10;10;2;38;56;55;65;40;13;14;6;12;56;62
242;27;14;2021;2;57;34;19;27;28;42;54;55;56;64;12;50;30;34;34;19;19;22;22;34;60;45;27;28;26;31;35;57;NA;NA;NA
243;27;14;2021;3;34;35;19;14;23;47;46;39;56;37;29;40;45;44;61;69;65;69;67;79;63;45;29;40;46;48;60;61;61;58;57
244;27;14;2021;4;67;55;37;62;59;53;75;61;51;48;56;71;37;49;61;69;84;82;55;45;56;57;71;75;55;41;39;42;67;58;NA
245;27;14;2021;5;65;76;73;60;56;53;56;59;71;63;79;77;70;78;45;33;76;47;74;68;52;83;67;64;80;81;72;78;76;86;68
246;27;14;2021;6;57;69;78;72;65;67;71;77;77;86;81;90;91;94;84;84;58;60;68;65;61;48;65;83;78;83;82;78;84;79;NA
247;27;14;2021;7;71;65;58;76;62;44;54;62;67;80;78;75;64;64;76;92;92;92;92;86;85;90;73;77;80;66;77;77;81;91;62
248;27;14;2021;8;64;NA;71;77;57;62;82;70;66;70;63;78;70;57;61;75;80;78;80;75;67;70;72;64;86;72;81;77;71;68;59
249;27;14;2021;9;57;46;35;60;62;49;59;62;52;66;49;49;36;28;45;39;51;57;56;56;62;64;63;42;63;64;33;48;43;57;NA
250;27;14;2021;10;NA;NA;38;NA;23;NA;NA;30;52;52;45;50;51;40;45;31;51;27;33;45;46;68;40;38;33;45;34;38;40;42;37
251;27;14;2021;11;65;50;69;35;61;53;33;39;41;34;24;31;31;38;55;33;52;33;41;35;21;21;33;20;25;32;59;52;65;16;NA
252;27;14;2021;12;13;NA;20;21;73;51;23;77;64;69;36;19;16;16;16;14;12;23;23;7;5;10;9;12;37;24;53;47;14;9;11
253;35;1;2021;1;4;3;3;4;6;4;2;1;1;3;5;6;10;12;11;13;11;12;9;6;5;5;4;5;5;6;7;7;7;6;6
254;35;1;2021;2;7;7;7;7;7;7;6;5;5;6;7;7;7;8;7;8;9;10;10;8;7;6;7;7;8;8;8;7;NA;NA;NA
255;35;1;2021;3;8;8;9;8;8;8;8;8;7;8;9;8;8;8;8;8;8;8;7;7;7;9;10;10;10;9;9;8;8;8;8
256;35;1;2021;4;7;8;8;8;8;8;7;7;8;7;7;7;8;8;8;8;7;7;8;8;8;8;8;8;8;8;9;8;8;8;NA
257;35;1;2021;5;8;8;8;8;9;9;9;9;8;8;8;8;8;9;9;9;9;6;4;4;4;3;3;4;4;4;4;4;4;4;4
258;35;1;2021;6;4;4;4;4;4;4;4;4;5;5;5;5;5;5;5;5;5;5;5;4;5;5;5;5;5;5;5;5;5;5;NA
259;35;1;2021;7;5;5;5;5;5;5;5;5;6;6;6;6;5;6;6;6;6;6;6;6;7;7;6;6;6;6;6;6;6;6;6
260;35;1;2021;8;6;6;6;6;6;6;6;6;7;7;7;7;7;8;7;7;7;7;7;7;7;7;8;8;8;8;8;7;7;7;8
261;35;1;2021;9;8;8;8;8;8;8;8;8;8;8;8;8;9;8;8;9;9;8;8;9;9;9;9;9;9;9;10;5;1;1;NA
262;35;1;2021;10;2;2;1;1;1;2;2;3;2;2;2;2;2;3;3;3;2;3;3;3;3;3;3;3;4;4;4;4;3;3;3
263;35;1;2021;11;3;3;3;3;3;3;4;4;5;5;7;6;6;5;5;5;5;5;5;5;5;5;3;3;4;4;3;NA;5;6;NA
264;35;1;2021;12;5;4;4;4;4;5;5;4;4;6;6;7;8;9;9;8;8;7;7;8;9;8;7;7;6;7;6;6;6;6;6
265;35;8;2021;1;13;25;33;33;53;37;37;28;21;22;44;78;103;115;111;114;101;95;76;72;20;17;14;12;16;21;33;25;24;10;10
266;35;8;2021;2;19;21;33;37;34;28;12;15;22;19;34;25;31;36;30;43;55;49;52;33;14;31;47;54;47;40;33;16;NA;NA;NA
267;35;8;2021;3;41;36;49;51;40;22;21;40;25;40;31;26;33;25;29;22;19;24;20;17;20;37;51;46;48;38;24;20;31;31;33
268;35;8;2021;4;19;14;29;24;29;47;23;23;31;16;14;28;40;28;22;27;16;16;41;31;24;26;24;17;23;27;34;26;15;22;NA
269;35;8;2021;5;16;17;16;27;34;35;27;29;14;13;12;12;13;15;14;9;18;25;22;26;39;13;11;17;23;22;28;29;23;13;21
270;35;8;2021;6;17;25;21;26;17;23;26;30;33;23;27;13;15;25;21;21;22;20;13;8;11;24;18;21;27;25;10;16;22;21;NA
271;35;8;2021;7;30;33;13;9;15;16;20;22;29;31;19;14;14;20;22;36;23;15;25;35;32;33;41;15;13;21;23;26;20;17;11
272;35;8;2021;8;9;17;24;14;25;15;10;13;18;23;36;21;45;44;22;27;16;18;21;20;30;28;27;21;19;32;33;17;12;13;24
273;35;8;2021;9;25;31;29;29;33;39;31;17;17;18;20;35;41;25;24;39;31;23;22;25;19;25;24;34;21;17;52;40;40;35;NA
274;35;8;2021;10;42;37;18;28;33;40;51;54;39;31;37;35;46;47;51;57;32;42;47;38;35;29;31;40;59;48;60;54;46;21;16
275;35;8;2021;11;20;26;29;43;37;36;49;54;54;50;73;56;49;42;40;51;43;51;47;44;38;42;44;36;47;54;30;21;35;60;NA
276;35;8;2021;12;48;39;45;37;27;31;38;26;30;31;46;49;53;59;69;58;58;48;38;60;59;44;51;36;23;23;13;19;43;54;52
277;35;14;2021;1;58;47;34;40;21;29;27;36;48;49;29;12;5;3;4;3;7;5;10;11;47;58;54;60;42;28;17;15;18;49;60
278;35;14;2021;2;48;35;22;29;27;37;50;53;54;58;26;44;44;29;45;32;23;19;20;40;56;53;27;31;31;30;41;60;NA;NA;NA
279;35;14;2021;3;39;46;27;12;33;52;58;27;47;37;35;39;38;48;56;57;55;57;55;66;58;33;34;45;39;46;53;64;64;60;56
280;35;14;2021;4;68;53;37;64;61;42;63;52;41;52;49;56;39;46;55;59;75;73;44;45;53;47;55;63;48;40;39;43;59;57;NA
281;35;14;2021;5;57;67;63;57;56;43;51;51;56;55;63;61;62;74;48;28;71;58;74;77;51;86;74;69;82;81;70;73;78;85;67
282;35;14;2021;6;69;77;83;71;65;71;71;75;76;94;82;98;98;105;94;94;71;68;80;69;65;53;69;88;87;84;86;80;88;83;NA
283;35;14;2021;7;76;73;66;76;68;45;61;66;71;78;84;71;63;65;82;82;95;102;91;84;95;91;70;83;83;79;82;79;85;96;69
284;35;14;2021;8;65;80;70;73;69;69;78;74;69;72;57;80;65;53;70;88;82;82;82;78;74;78;73;70;86;84;82;89;78;71;62
285;35;14;2021;9;59;49;62;77;67;45;60;59;55;58;52;45;33;32;46;41;51;55;59;50;50;52;58;41;60;67;39;53;56;64;NA
286;35;14;2021;10;54;59;58;56;45;43;44;28;65;66;55;63;53;53;50;39;68;32;42;61;56;61;56;46;34;54;32;39;49;48;44
287;35;14;2021;11;65;60;63;38;49;48;30;25;31;42;14;34;28;32;50;24;46;36;39;41;33;18;27;26;27;25;61;70;57;NA;NA
288;35;14;2021;12;25;52;42;40;71;61;28;73;64;62;44;16;14;16;14;17;20;24;35;9;10;21;20;25;45;40;61;54;23;10;11
289;36;1;2021;1;3;4;4;3;6;7;4;4;7;7;6;15;7;10;10;9;12;10;7;6;4;3;3;3;3;3;NA;3;3;3;3
290;36;1;2021;2;3;3;3;NA;NA;NA;4;3;3;3;3;3;6;9;12;8;6;5;5;7;7;6;7;12;8;8;9;9;NA;NA;NA
291;36;1;2021;3;9;16;13;9;8;12;7;5;7;5;5;5;6;9;6;9;8;6;5;11;7;12;8;6;6;5;8;11;8;13;15
292;36;1;2021;4;7;4;6;8;5;5;6;11;11;6;5;12;6;7;12;8;6;5;5;7;5;5;13;15;7;5;5;5;4;4;NA
293;36;1;2021;5;5;8;9;5;5;4;4;4;4;4;4;4;4;4;4;4;4;5;4;4;5;4;4;4;4;5;5;5;5;4;5
294;36;1;2021;6;4;5;5;4;4;4;4;4;4;4;4;4;4;4;4;4;4;4;4;4;4;4;4;4;4;4;4;4;4;4;NA
295;36;1;2021;7;4;4;4;4;4;4;4;4;4;4;5;4;5;5;5;5;5;5;5;5;5;5;5;4;4;5;5;5;5;5;5
296;36;1;2021;8;4;5;5;4;5;5;5;5;5;5;6;5;6;6;6;5;5;5;6;6;6;6;6;6;5;6;6;6;6;6;6
297;36;1;2021;9;5;6;6;6;6;6;6;6;6;6;6;6;6;6;6;6;6;6;6;6;6;6;6;6;3;1;1;1;1;1;NA
298;36;1;2021;10;1;1;1;1;1;1;1;2;1;1;1;1;1;2;2;2;2;2;2;2;2;1;1;2;2;2;2;2;2;1;1
299;36;1;2021;11;1;1;1;2;1;2;2;2;2;2;3;2;2;2;2;2;2;2;2;2;2;2;2;2;2;2;2;2;2;2;NA
300;36;1;2021;12;2;2;2;2;2;2;2;2;2;2;2;2;2;3;3;3;3;3;3;3;3;3;3;2;2;2;2;2;3;3;3
301;36;8;2021;1;20;29;37;37;63;38;32;21;14;17;49;72;95;107;132;135;92;91;70;66;24;25;15;15;23;30;NA;35;33;11;11
302;36;8;2021;2;23;24;34;39;30;29;13;23;23;27;39;31;35;33;33;47;57;58;53;33;16;25;43;39;30;37;34;17;NA;NA;NA
303;36;8;2021;3;38;36;48;51;40;27;23;41;21;44;40;31;36;21;20;13;10;16;15;9;15;35;58;51;56;33;18;15;28;26;24
304;36;8;2021;4;20;20;29;23;35;42;20;22;25;21;15;22;37;25;21;22;14;17;38;32;22;32;23;14;19;31;38;29;19;29;NA
305;36;8;2021;5;18;13;13;31;42;30;33;26;12;18;15;14;17;19;17;9;18;30;13;28;39;11;9;19;15;21;21;23;21;11;19
306;36;8;2021;6;20;30;20;27;15;23;26;30;31;25;22;10;13;24;21;22;26;21;18;9;13;30;15;21;29;29;11;16;23;23;NA
307;36;8;2021;7;29;35;17;10;19;19;22;17;26;25;18;13;11;15;21;32;18;13;20;34;34;34;34;15;12;20;23;27;21;22;10
308;36;8;2021;8;9;22;26;13;29;22;10;15;16;23;29;22;36;34;22;17;12;20;23;21;33;25;22;18;19;35;32;26;15;19;29
309;36;8;2021;9;21;27;37;29;32;34;36;18;27;17;29;31;43;25;27;47;35;27;24;18;11;17;17;32;22;27;62;42;37;39;NA
310;36;8;2021;10;50;43;13;21;29;39;61;50;34;22;33;37;37;54;61;63;36;47;52;39;38;12;33;44;66;44;68;58;46;18;14
311;36;8;2021;11;18;24;21;38;19;18;53;42;53;56;82;56;47;32;19;44;29;45;40;35;43;40;35;41;49;60;25;17;28;69;NA
312;36;8;2021;12;59;33;57;49;15;26;37;14;25;20;44;52;47;48;65;61;64;48;44;59;59;49;52;37;23;26;18;30;47;50;46
313;36;10;2021;1;5;6;7;8;17;11;7;5;5;6;12;16;21;27;30;33;21;18;11;12;4;5;5;8;6;7;14;9;12;6;8
314;36;10;2021;2;12;7;10;15;39;15;6;7;7;13;12;9;13;12;15;21;26;87;86;35;57;8;13;33;48;48;28;29;NA;NA;NA
315;36;10;2021;3;42;59;105;NA;70;44;23;20;13;19;22;13;14;12;15;14;10;15;10;9;12;18;24;24;29;42;33;28;30;36;34
316;36;10;2021;4;37;13;24;25;24;21;18;22;19;19;7;8;18;15;19;14;NA;13;22;18;13;10;12;12;10;16;16;12;14;16;NA
317;36;10;2021;5;9;9;13;15;19;17;19;23;16;13;8;10;12;12;13;8;10;17;10;20;25;10;12;10;16;21;21;19;16;18;27
318;36;10;2021;6;24;27;27;16;15;16;17;23;22;26;30;16;17;27;35;35;18;15;10;10;8;16;7;15;22;25;14;12;15;21;NA
319;36;10;2021;7;23;25;18;12;16;14;NA;14;28;34;112;24;15;15;20;30;25;22;26;37;43;44;38;16;16;16;23;25;34;24;16
320;36;10;2021;8;8;20;25;14;20;25;13;13;28;40;101;59;69;81;55;27;16;28;33;34;26;33;39;34;35;42;33;32;22;19;25
321;36;10;2021;9;14;12;13;17;17;23;28;11;10;9;14;23;44;21;12;17;17;12;12;10;7;12;12;NA;11;10;24;18;12;18;NA
322;36;10;2021;10;21;21;5;7;10;11;14;15;12;12;14;15;12;22;29;28;19;20;24;23;11;7;8;15;24;22;27;28;23;4;3
323;36;10;2021;11;3;8;5;10;4;4;14;11;13;18;36;17;15;14;6;13;9;14;13;12;18;14;12;13;14;17;5;5;6;22;NA
324;36;10;2021;12;24;7;14;13;5;6;13;3;6;5;13;13;19;15;19;26;26;21;17;24;41;27;19;10;5;7;9;12;22;19;17
325;38;8;2021;1;16;28;34;41;65;43;44;36;22;26;47;94;122;147;130;134;129;122;84;76;23;21;13;13;19;26;33;33;29;11;12
326;38;8;2021;2;21;24;37;40;37;30;15;20;25;23;36;30;33;44;36;46;65;59;59;34;18;31;45;41;42;52;38;17;NA;NA;NA
327;38;8;2021;3;45;36;50;62;40;24;24;46;28;43;33;28;34;28;33;27;24;29;21;20;24;45;49;47;48;34;24;18;32;32;31
328;38;8;2021;4;18;16;28;25;35;48;29;27;35;18;15;31;47;29;29;30;19;18;39;34;27;32;25;16;25;30;35;24;18;25;NA
329;38;8;2021;5;19;20;19;32;37;37;29;25;14;15;16;13;16;20;14;9;24;30;20;31;37;13;14;19;26;26;29;32;27;17;24
330;38;8;2021;6;23;30;22;29;18;27;32;35;41;28;29;13;15;28;22;25;28;21;15;10;14;29;22;28;32;25;11;18;24;26;NA
331;38;8;2021;7;32;35;14;11;18;18;22;22;32;32;18;15;15;21;28;28;17;17;28;38;34;31;38;13;12;21;24;27;21;20;10
332;38;8;2021;8;10;17;22;14;24;15;8;13;18;21;28;19;37;34;16;21;14;15;17;18;24;24;22;17;18;32;29;14;14;14;23
333;38;8;2021;9;25;30;33;32;41;37;31;15;21;17;22;34;42;23;24;38;32;20;22;25;16;25;21;30;22;19;53;41;39;38;NA
334;38;8;2021;10;39;32;15;27;26;43;NA;55;38;27;36;31;48;54;55;67;27;52;50;34;35;22;29;NA;64;51;65;56;42;16;10
335;38;8;2021;11;14;21;21;45;35;32;51;63;55;50;88;55;46;41;31;51;38;50;35;36;31;44;44;36;46;55;20;13;25;62;NA
336;38;8;2021;12;46;32;42;26;10;16;33;9;19;21;42;60;60;75;90;71;56;45;38;61;59;45;54;33;22;22;12;18;41;65;58
337;38;9;2021;1;3;3;4;4;11;9;7;5;4;5;13;26;39;48;41;48;44;31;17;16;3;3;2;3;3;4;7;9;9;2;3
338;38;9;2021;2;3;3;6;9;12;6;3;3;3;3;5;4;5;8;8;13;14;22;20;15;18;3;6;13;15;14;12;13;NA;NA;NA
339;38;9;2021;3;14;14;23;28;21;16;12;10;8;11;10;5;7;5;5;5;4;4;4;3;4;8;8;8;10;10;12;11;8;9;9
340;38;9;2021;4;12;5;11;11;11;8;7;9;9;10;4;4;7;9;9;9;7;9;10;8;7;6;5;6;8;11;8;7;5;6;NA
341;38;9;2021;5;5;7;5;8;9;9;9;8;6;3;4;4;5;4;5;5;4;7;5;7;10;5;4;5;8;9;10;12;10;12;12
342;38;9;2021;6;14;11;13;9;12;13;10;9;10;13;13;11;10;13;13;18;16;16;5;6;6;6;5;8;10;14;6;5;7;12;NA
343;38;9;2021;7;9;9;9;9;11;10;6;6;14;15;25;7;5;6;10;15;10;13;16;13;16;14;15;6;5;8;9;10;11;10;5
344;38;9;2021;8;3;6;8;6;6;6;4;6;13;11;20;15;14;19;12;8;5;8;10;12;8;10;9;10;12;14;11;10;9;8;11
345;38;9;2021;9;14;12;15;11;13;11;10;6;6;NA;5;7;15;11;9;11;8;8;3;4;3;4;6;15;12;5;9;9;7;9;NA
346;38;9;2021;10;7;7;4;3;4;6;NA;8;6;7;8;9;5;8;8;10;12;12;11;7;5;2;3;NA;7;8;10;9;11;10;16
347;38;9;2021;11;2;2;2;3;3;2;5;6;5;5;12;6;5;6;NA;3;3;5;3;6;7;6;4;4;3;5;NA;NA;1;5;NA
348;38;9;2021;12;8;2;3;3;1;2;6;1;2;2;5;10;11;10;10;12;9;10;6;11;16;10;10;5;3;3;3;3;7;11;10
349;38;10;2021;1;4;5;7;7;18;14;11;7;5;6;14;30;45;56;46;54;50;37;22;19;5;5;4;6;5;6;11;11;11;4;6
350;38;10;2021;2;8;5;9;14;32;10;4;5;5;6;8;7;9;11;13;19;22;62;64;32;49;6;11;28;40;41;26;28;NA;NA;NA
351;38;10;2021;3;32;43;84;84;58;36;21;18;13;17;16;9;13;8;11;13;10;10;7;6;8;15;18;19;21;28;27;25;26;29;26
352;38;10;2021;4;24;9;21;23;21;17;17;19;19;18;6;8;14;17;18;16;12;13;17;15;12;9;10;10;12;17;14;12;8;11;NA
353;38;10;2021;5;7;10;NA;13;15;15;16;16;12;9;7;7;8;7;9;9;8;14;12;16;22;10;10;10;16;18;20;21;17;20;22
354;38;10;2021;6;26;21;25;18;19;19;19;19;19;24;26;19;18;27;35;36;25;24;10;10;11;12;11;15;20;23;12;10;14;23;NA
355;38;10;2021;7;18;19;15;15;20;21;11;14;24;25;64;17;13;15;21;27;17;21;27;24;27;27;23;10;9;13;15;17;21;17;9
356;38;10;2021;8;5;12;14;10;11;12;7;9;20;22;57;37;35;47;33;14;10;16;20;20;15;20;23;21;24;27;24;21;16;15;21
357;38;10;2021;9;18;16;19;15;18;19;19;10;9;NA;8;13;27;16;12;15;12;11;5;7;5;7;10;23;16;7;15;15;12;16;NA
358;38;10;2021;10;14;14;6;5;7;11;NA;16;12;12;13;15;10;15;17;18;17;19;17;14;12;7;8;NA;18;19;22;19;18;12;17
359;38;10;2021;11;3;5;4;7;6;4;9;11;10;10;26;14;11;11;5;10;7;10;8;10;12;9;9;7;7;10;3;3;4;11;NA
360;38;10;2021;12;12;4;6;5;2;4;9;2;4;4;8;14;17;19;20;20;16;13;10;20;26;17;14;7;4;4;5;6;13;19;15
361;39;8;2021;1;15;24;37;35;60;35;31;23;14;16;43;76;100;112;111;114;114;103;79;77;18;19;11;11;17;25;32;26;21;10;9
362;39;8;2021;2;14;19;30;35;28;23;11;18;22;20;31;24;30;37;32;46;57;49;54;36;14;22;39;39;26;36;32;12;NA;NA;NA
363;39;8;2021;3;29;31;40;48;32;17;20;34;16;33;27;21;27;19;17;11;10;12;11;8;11;29;48;48;46;34;16;15;29;22;25
364;39;8;2021;4;18;13;27;23;29;44;20;20;25;18;10;22;31;21;23;20;12;14;32;29;23;21;19;12;20;27;30;20;14;21;NA
365;39;8;2021;5;15;11;10;27;35;35;29;28;14;13;12;11;12;14;12;8;15;25;12;26;37;9;8;12;18;17;20;21;20;13;19
366;39;8;2021;6;20;23;18;24;15;21;25;28;34;23;16;9;11;18;16;23;21;19;13;8;12;21;12;20;31;28;11;11;18;23;NA
367;39;8;2021;7;35;37;13;10;16;17;18;18;26;32;17;10;11;14;24;29;15;10;20;33;26;31;39;10;9;17;25;27;25;17;7
368;39;8;2021;8;5;19;27;8;23;15;6;11;19;22;32;27;42;35;21;20;10;15;19;21;37;29;21;18;18;33;38;17;12;15;22
369;39;8;2021;9;19;25;38;33;39;36;35;16;22;16;27;35;36;23;25;38;32;20;24;21;13;17;18;26;24;17;52;44;38;37;NA
370;39;8;2021;10;41;37;13;24;22;38;51;59;38;28;30;34;42;52;50;64;29;48;53;39;26;14;29;43;59;47;64;55;38;17;10
371;39;8;2021;11;13;21;18;38;25;26;49;53;52;49;79;56;45;37;19;43;31;44;34;28;29;34;36;33;41;51;18;13;21;61;NA
372;39;8;2021;12;46;26;44;33;8;18;33;11;18;17;42;54;57;64;82;83;65;46;39;57;54;48;54;35;21;24;13;23;37;58;53
373;39;14;2021;1;51;45;27;37;16;28;28;39;50;50;29;NA;11;9;10;9;10;10;13;10;37;42;42;47;32;19;16;14;19;40;46
374;39;14;2021;2;44;28;23;25;27;35;39;40;41;46;23;36;36;26;33;25;20;19;18;28;45;42;24;25;29;27;35;45;NA;NA;NA
375;39;14;2021;3;33;35;25;12;27;41;42;21;41;32;30;34;31;38;49;48;45;49;46;55;47;28;20;35;34;38;47;52;49;51;49
376;39;14;2021;4;54;44;31;51;49;37;51;46;39;42;42;49;38;42;43;51;62;58;45;39;43;43;50;56;41;34;33;38;51;47;NA
377;39;14;2021;5;51;59;55;46;46;40;43;44;49;48;67;80;75;82;55;34;80;58;80;76;52;88;77;74;86;85;79;77;82;90;70
378;39;14;2021;6;59;73;81;69;60;63;71;76;73;90;86;96;97;100;89;82;62;58;75;66;61;53;68;86;78;83;82;84;87;80;NA
379;39;14;2021;7;68;64;64;76;65;43;62;67;78;81;96;76;69;69;83;90;105;109;100;91;95;NA;69;91;89;74;79;79;80;96;75
380;39;14;2021;8;70;82;69;82;68;71;84;81;66;75;64;77;72;64;76;96;92;89;87;78;72;86;82;76;87;83;85;95;88;75;67
381;39;14;2021;9;49;50;54;78;68;51;59;61;52;NA;NA;NA;NA;NA;NA;38;46;53;62;NA;48;52;59;33;51;59;31;43;45;54;NA
382;39;14;2021;10;43;52;48;45;42;36;39;24;56;57;49;52;51;41;45;31;52;23;29;41;50;59;47;40;31;48;26;33;45;34;30
383;39;14;2021;11;56;52;61;32;46;48;28;24;27;35;15;30;26;29;54;25;44;33;36;40;31;16;NA;21;22;21;51;57;51;15;NA
384;39;14;2021;12;20;51;33;34;72;58;26;69;62;62;40;16;16;20;21;NA;NA;23;32;11;11;15;9;22;41;32;52;43;24;12;12
385;40;8;2021;1;17;27;34;37;55;38;32;20;14;18;50;70;104;121;125;135;93;91;65;62;23;22;13;12;18;27;39;33;32;10;9
386;40;8;2021;2;22;22;35;39;26;27;11;21;21;23;40;31;32;33;28;43;50;58;51;25;14;23;39;32;28;35;34;13;NA;NA;NA
387;40;8;2021;3;39;36;47;49;37;22;18;38;20;42;37;33;35;20;20;14;11;15;15;10;15;35;53;48;50;32;17;13;24;23;23
388;40;8;2021;4;17;18;30;21;32;44;20;19;25;18;15;23;36;23;20;23;15;15;37;35;21;34;20;13;20;30;35;29;20;31;NA
389;40;8;2021;5;19;12;13;29;39;28;32;26;12;19;13;12;16;17;17;8;18;30;15;21;36;11;11;20;17;21;21;25;20;11;19
390;40;8;2021;6;19;26;20;27;15;23;26;28;30;23;22;10;13;23;22;18;26;22;18;11;13;25;18;23;29;26;9;17;24;24;NA
391;40;8;2021;7;29;34;17;10;19;17;22;18;27;24;16;12;13;16;24;33;18;13;19;32;29;32;35;13;13;20;21;26;20;19;10
392;40;8;2021;8;9;19;24;13;26;19;10;15;15;21;26;21;39;32;21;18;14;19;21;20;30;27;22;20;18;37;31;25;14;18;27
393;40;8;2021;9;20;27;36;30;30;31;28;16;26;19;26;30;36;23;26;42;31;25;21;16;13;19;16;28;21;25;48;36;31;31;NA
394;40;8;2021;10;35;29;10;21;21;26;46;52;36;26;32;36;38;51;61;61;36;46;45;33;37;15;32;41;65;46;65;58;46;16;11
395;40;8;2021;11;15;22;21;39;20;18;52;46;53;59;82;55;46;31;22;49;33;46;34;35;40;44;36;40;47;62;24;15;30;69;NA
396;40;8;2021;12;57;33;52;45;13;22;33;12;23;21;40;48;56;56;66;62;58;46;39;61;61;47;47;35;21;25;15;26;47;57;49
397;40;10;2021;1;6;6;9;9;20;17;10;7;5;7;20;32;56;66;60;76;46;36;25;22;4;5;5;8;5;6;15;13;16;6;7
398;40;10;2021;2;9;6;10;18;46;20;5;6;7;10;13;10;14;12;16;25;32;105;109;41;70;6;13;35;55;55;32;36;NA;NA;NA
399;40;10;2021;3;41;56;107;103;73;43;25;21;16;22;23;11;14;9;12;14;10;10;8;7;10;16;23;23;32;43;32;31;31;34;32
400;40;10;2021;4;34;11;26;27;24;25;16;19;19;19;6;8;14;15;19;18;14;16;21;19;10;9;10;12;10;21;16;12;13;15;NA
401;40;10;2021;5;8;9;12;15;20;17;18;22;18;12;8;9;12;8;12;9;12;17;10;18;28;11;11;12;18;25;25;22;18;22;32
402;40;10;2021;6;26;23;24;21;12;15;15;18;20;23;29;13;13;22;30;31;13;14;8;5;7;8;5;12;16;24;13;11;14;19;NA
403;40;10;2021;7;24;22;15;8;13;10;11;9;20;29;89;23;11;11;20;25;21;17;19;29;36;43;36;13;13;13;20;25;29;22;15
404;40;10;2021;8;8;16;22;12;18;22;13;11;27;37;95;56;57;74;NA;22;16;24;30;33;26;30;39;33;35;41;34;33;23;21;29
405;40;10;2021;9;NA;NA;NA;NA;NA;NA;NA;NA;NA;NA;NA;NA;NA;NA;11;NA;16;14;NA;NA;6;7;12;26;17;13;25;19;14;21;NA
406;40;10;2021;10;22;25;7;7;13;14;17;17;14;15;16;19;12;23;34;30;22;22;28;25;NA;11;10;16;28;24;34;32;27;6;5
407;40;10;2021;11;5;9;6;13;5;5;15;11;16;22;42;20;17;15;7;15;10;15;13;13;20;18;14;15;16;20;7;5;9;24;NA
408;40;10;2021;12;26;7;14;15;7;7;14;4;7;7;14;14;23;18;19;26;23;20;14;25;42;30;21;13;6;7;10;14;24;22;20
409;47;8;2021;1;11;22;35;27;50;38;33;25;15;20;50;68;96;104;119;111;86;96;62;NA;26;22;15;16;20;25;36;28;27;12;13
410;47;8;2021;2;23;22;35;41;33;33;15;20;24;21;38;25;34;37;31;48;59;50;52;35;15;24;40;37;37;45;40;17;NA;NA;NA
411;47;8;2021;3;44;38;50;50;41;24;21;45;24;41;43;28;33;26;28;21;18;22;19;16;21;44;56;52;50;38;21;14;28;24;25
412;47;8;2021;4;15;13;26;20;25;37;17;18;24;13;11;23;39;18;13;17;10;12;27;25;16;25;20;11;21;25;33;24;13;24;NA
413;47;8;2021;5;16;12;12;27;32;31;25;32;12;14;9;9;11;10;12;6;14;26;15;24;39;8;10;15;16;17;23;24;17;11;17
414;47;8;2021;6;16;24;17;28;15;25;24;25;32;20;22;10;14;21;18;17;21;19;13;7;10;18;17;19;30;23;8;10;19;18;NA
415;47;8;2021;7;28;36;12;6;13;15;17;19;27;25;24;8;12;15;23;33;17;11;18;34;32;31;43;8;9;19;22;22;16;18;6
416;47;8;2021;8;7;16;26;7;22;17;6;9;13;21;31;16;37;38;18;21;11;14;16;15;31;32;20;14;13;37;28;13;7;11;17
417;47;8;2021;9;17;24;28;29;32;35;25;11;13;11;19;32;35;19;20;38;25;15;18;24;11;16;13;23;18;19;52;35;35;31;NA
418;47;8;2021;10;NA;42;12;26;29;41;62;58;35;28;34;33;40;52;51;59;28;41;45;36;30;16;30;46;60;43;60;53;47;17;12
419;47;8;2021;11;11;19;15;37;30;27;49;52;56;56;72;59;47;38;27;47;34;48;34;34;37;40;36;33;47;56;18;10;20;65;NA
420;47;8;2021;12;49;34;NA;NA;NA;NA;NA;NA;NA;20;42;46;50;61;70;61;57;41;38;54;56;44;50;36;22;24;13;24;42;48;43
421;47;9;2021;1;3;3;7;5;10;11;7;5;4;6;16;25;44;44;47;53;38;35;20;NA;4;3;4;4;5;10;12;9;9;4;5
422;47;9;2021;2;4;6;7;10;14;8;4;3;4;3;12;7;7;9;8;NA;15;25;22;17;18;3;9;14;14;14;14;14;NA;NA;NA
423;47;9;2021;3;15;17;25;25;22;17;13;14;8;10;NA;7;9;5;5;5;4;5;5;4;6;7;10;12;12;14;14;11;9;9;9
424;47;9;2021;4;10;NA;19;14;13;11;9;NA;14;20;18;5;4;NA;NA;7;7;8;10;11;5;4;4;5;6;8;7;5;4;5;NA
425;47;9;2021;5;4;4;5;6;8;7;8;7;6;3;4;3;3;2;4;4;3;5;2;5;8;3;4;4;5;8;7;10;9;11;13
426;47;9;2021;6;18;5;12;8;12;16;9;8;11;13;16;9;6;10;11;16;27;17;2;4;5;6;5;7;8;13;7;6;7;10;NA
427;47;9;2021;7;13;16;7;8;13;13;5;5;15;16;25;10;5;6;7;15;13;12;10;14;22;16;19;7;8;22;24;12;29;6;7
428;47;9;2021;8;5;5;19;12;8;12;6;6;44;41;27;14;19;24;20;11;6;9;12;13;10;12;12;10;14;16;13;12;11;9;13
429;47;9;2021;9;21;17;13;8;18;18;18;16;21;NA;NA;NA;NA;NA;6;8;7;6;4;5;1;4;5;14;8;5;10;9;6;8;NA
430;47;9;2021;10;10;11;5;3;4;5;7;9;6;8;8;9;6;10;13;12;10;12;12;10;7;3;5;9;11;9;12;12;12;8;14
431;47;9;2021;11;2;3;2;5;3;3;8;9;8;8;18;10;11;10;2;7;4;5;6;7;9;9;6;8;6;9;3;2;3;11;NA
432;47;9;2021;12;14;4;NA;NA;NA;NA;NA;NA;NA;NA;6;10;13;12;13;12;13;11;8;13;21;16;12;9;4;6;5;5;11;14;14
433;47;10;2021;1;3;4;8;6;12;12;7;6;5;6;17;26;46;47;50;56;40;39;22;NA;5;4;6;5;6;10;13;10;10;4;6
434;47;10;2021;2;6;6;7;12;23;11;4;4;5;5;13;8;9;11;11;NA;21;46;45;28;34;4;11;22;30;30;22;22;NA;NA;NA
435;47;10;2021;3;27;30;54;53;44;28;19;19;11;14;NA;9;13;8;8;10;7;8;7;6;9;12;15;18;20;29;23;18;18;20;21
436;47;10;2021;4;22;32;28;20;18;16;14;NA;18;23;18;7;7;NA;NA;12;11;11;13;15;7;5;5;7;7;11;10;7;6;7;NA
437;47;10;2021;5;6;6;7;9;12;13;13;12;10;5;6;4;6;4;7;6;6;10;5;10;16;7;7;7;10;14;14;14;13;16;23
438;47;10;2021;6;24;12;19;14;15;20;13;12;18;20;24;14;11;19;24;27;30;20;3;6;8;9;7;11;13;23;18;15;13;26;NA
439;47;10;2021;7;28;27;21;23;37;36;NA;17;37;38;75;38;13;15;21;36;22;22;24;26;40;35;36;27;25;61;NA;26;55;20;13
440;47;10;2021;8;4;5;25;13;6;13;8;7;47;43;47;34;32;42;36;15;9;13;16;18;13;17;20;14;18;19;18;15;13;14;20
441;47;10;2021;9;29;28;27;21;35;43;44;43;41;NA;NA;NA;NA;NA;6;17;15;11;8;12;6;9;12;27;13;10;20;19;13;18;NA
442;47;10;2021;10;21;20;8;6;9;13;17;21;13;16;16;17;15;23;27;26;17;23;26;23;16;11;11;19;27;24;30;26;24;10;15
443;47;10;2021;11;3;7;4;10;6;5;13;18;17;20;36;22;19;17;7;16;12;15;14;14;16;13;12;14;13;17;6;5;5;21;NA
444;47;10;2021;12;21;7;NA;NA;NA;NA;NA;NA;NA;NA;12;14;22;23;28;21;24;20;13;20;37;25;19;12;5;8;9;13;19;24;20
445;48;8;2021;1;18;24;36;39;52;31;28;20;18;18;48;77;100;111;115;134;98;88;67;74;32;28;21;17;27;29;35;31;29;14;15
446;48;8;2021;2;26;28;38;39;30;29;15;25;32;29;38;31;33;31;28;45;60;60;59;34;19;24;39;38;25;33;28;16;NA;NA;NA
447;48;8;2021;3;33;27;42;53;29;21;20;37;20;42;37;25;30;19;19;14;11;16;16;9;16;37;47;45;50;37;15;14;26;25;24
448;48;8;2021;4;18;17;24;20;28;40;21;22;26;20;14;18;30;22;24;23;13;16;34;32;22;30;22;13;18;30;36;29;23;27;NA
449;48;8;2021;5;16;11;11;29;32;32;31;28;16;18;16;17;18;20;16;10;20;28;12;26;37;11;8;18;15;20;22;24;18;10;21
450;48;8;2021;6;22;27;22;29;14;26;27;31;30;26;19;11;12;22;21;26;26;21;15;11;16;26;12;17;24;23;13;15;23;25;NA
451;48;8;2021;7;34;39;15;11;20;21;19;15;28;29;16;15;12;15;21;29;17;11;19;30;35;32;42;13;12;19;26;24;24;22;10
452;48;8;2021;8;7;15;23;13;24;17;9;11;16;21;30;20;31;34;18;14;10;15;20;20;26;21;21;16;19;29;29;18;13;18;24
453;48;8;2021;9;19;25;34;26;31;34;33;20;23;21;25;25;35;27;25;41;31;22;19;15;11;16;17;29;26;19;61;41;31;34;NA
454;48;8;2021;10;37;36;15;26;30;35;51;48;31;16;23;28;33;50;51;53;25;46;48;35;30;12;30;39;57;42;65;56;51;24;17
455;48;8;2021;11;19;28;24;38;22;23;45;44;41;46;80;49;40;32;20;40;27;40;31;23;32;39;39;34;44;52;24;19;28;59;NA
456;48;8;2021;12;51;30;46;35;15;23;39;14;28;31;44;49;46;49;66;58;50;35;31;55;54;46;52;37;23;28;21;26;40;49;44
457;48;9;2021;1;4;4;5;5;10;8;6;5;5;6;12;25;39;44;42;62;40;22;17;19;4;3;3;3;4;5;8;11;11;4;3
458;48;9;2021;2;5;4;7;10;12;8;3;4;3;4;6;5;7;7;9;13;16;26;22;17;19;3;6;13;16;15;9;14;NA;NA;NA
459;48;9;2021;3;14;16;23;28;23;17;13;10;9;12;11;6;6;4;5;4;3;4;4;4;5;8;9;9;12;13;13;11;8;9;9
460;48;9;2021;4;10;4;10;13;11;8;6;8;9;10;4;5;5;7;8;9;7;10;11;7;5;6;5;6;6;10;9;7;6;7;NA
461;48;9;2021;5;5;6;6;10;9;7;9;9;6;3;3;4;6;5;5;4;4;6;6;5;10;5;4;4;5;10;11;12;9;11;11
462;48;9;2021;6;14;11;9;11;11;14;11;13;12;13;13;9;8;NA;9;18;17;13;7;6;6;5;6;6;10;10;9;7;8;9;NA
463;48;9;2021;7;16;11;7;5;NA;6;8;8;11;15;18;11;7;6;11;15;12;12;13;13;14;17;13;12;7;15;16;13;29;8;8
464;48;9;2021;8;NA;8;12;13;11;9;8;6;37;46;36;18;NA;24;19;19;5;15;19;22;17;17;15;17;31;26;12;15;11;12;22
465;48;9;2021;9;NA;27;NA;NA;NA;14;11;15;8;4;6;9;15;13;10;8;7;5;5;6;4;4;6;15;9;4;13;11;6;9;NA
466;48;9;2021;10;10;12;5;3;4;5;7;7;6;6;8;10;6;9;13;13;11;10;12;11;6;3;5;8;NA;10;13;14;13;9;13
467;48;9;2021;11;3;5;3;5;2;3;8;6;8;7;18;8;9;9;3;7;5;7;7;7;9;10;8;7;6;8;3;3;4;9;NA
468;48;9;2021;12;14;3;5;7;2;3;9;3;4;4;7;9;10;9;10;NA;11;12;9;14;21;14;12;8;5;6;4;5;11;12;11
469;48;10;2021;1;5;5;8;8;15;11;8;6;5;7;13;28;43;51;47;69;45;27;21;21;6;6;6;6;6;8;13;14;15;7;7
470;48;10;2021;2;11;8;11;14;33;14;5;7;7;8;12;8;11;10;14;22;28;83;82;36;52;6;10;28;43;42;21;27;NA;NA;NA
471;48;10;2021;3;30;41;76;75;52;33;20;16;13;17;17;10;10;8;10;9;7;9;8;5;9;14;16;17;22;33;26;22;21;25;22
472;48;10;2021;4;24;8;18;21;17;16;12;15;15;17;5;7;9;12;14;14;11;13;17;12;8;8;8;9;8;16;14;11;10;11;NA
473;48;10;2021;5;7;8;10;15;15;14;16;17;14;8;6;9;10;8;10;7;9;14;11;14;23;10;8;8;12;20;20;19;15;18;26
474;48;10;2021;6;26;23;21;20;17;21;17;21;20;24;25;17;15;19;28;38;23;19;9;10;11;10;10;10;17;20;15;12;14;18;NA
475;48;10;2021;7;27;20;12;9;NA;11;12;13;19;27;59;22;12;12;17;26;18;18;23;26;29;39;27;18;11;19;25;22;41;16;15
476;48;10;2021;8;NA;13;23;20;19;19;12;10;46;63;81;36;39;56;41;NA;11;26;31;32;26;26;30;29;46;36;26;27;17;19;33
477;48;10;2021;9;57;34;25;4;24;30;22;21;14;9;11;16;25;20;13;14;11;7;7;10;6;7;10;23;13;7;21;18;9;15;NA
478;48;10;2021;10;17;18;7;6;8;9;13;15;11;11;12;16;11;18;23;21;15;17;20;20;11;7;9;13;NA;20;29;29;24;12;14
479;48;10;2021;11;4;13;6;8;4;5;11;10;13;13;30;13;13;13;6;12;8;11;11;9;13;13;11;10;10;13;5;5;7;13;NA
480;48;10;2021;12;17;5;8;9;5;5;12;4;7;7;11;12;15;14;21;NA;16;15;12;22;32;22;16;10;6;7;8;10;16;16;14
481;49;8;2021;1;10;19;28;24;38;29;29;24;20;20;38;67;87;98;99;105;85;82;52;57;19;14;13;11;15;18;NA;23;20;8;9
482;49;8;2021;2;16;19;28;29;25;21;10;14;20;15;30;18;23;24;23;33;40;43;40;24;12;18;31;29;27;29;25;13;NA;NA;NA
483;49;8;2021;3;34;25;35;41;24;16;14;31;17;31;28;16;26;17;19;16;13;16;14;12;14;28;37;31;41;24;16;12;20;21;20
484;49;8;2021;4;13;11;19;15;20;29;16;16;22;12;12;17;31;20;15;18;13;12;28;22;16;20;15;10;17;19;26;19;12;18;NA
485;49;8;2021;5;11;10;11;19;22;22;21;21;12;10;8;9;10;10;10;7;12;23;12;17;28;8;8;11;12;14;19;22;15;8;16
486;49;8;2021;6;15;19;13;21;13;16;18;20;21;16;19;9;9;17;13;15;18;17;10;7;10;19;13;12;17;20;8;10;15;17;NA
487;49;8;2021;7;22;29;10;7;13;15;15;13;15;19;16;9;11;12;15;25;14;10;14;23;21;25;34;10;10;14;19;17;14;14;8
488;49;8;2021;8;7;12;18;8;20;14;6;8;10;15;27;15;27;31;15;14;NA;13;18;16;23;16;21;14;14;23;27;15;10;12;14
489;49;8;2021;9;17;23;20;16;20;23;15;8;9;8;10;16;18;16;16;32;23;16;14;17;14;16;14;25;16;13;44;32;27;28;NA
490;49;8;2021;10;32;33;10;18;15;28;41;46;23;17;25;24;28;37;42;46;23;35;35;27;26;14;23;32;52;37;51;47;37;15;10
491;49;8;2021;11;10;17;14;31;18;21;38;38;44;40;71;42;44;30;20;38;27;39;31;29;26;36;31;26;41;41;16;10;19;49;NA
492;49;8;2021;12;43;26;33;30;10;16;32;9;16;19;34;42;40;45;54;49;44;40;31;50;46;35;41;31;19;20;13;16;33;42;40
493;49;14;2021;1;61;53;36;46;24;34;34;42;50;53;33;13;6;4;4;4;9;7;17;16;50;64;59;67;45;30;17;15;20;56;66
494;49;14;2021;2;55;39;26;33;36;41;58;60;60;68;28;53;48;39;52;34;27;23;26;48;66;63;33;37;41;41;49;65;NA;NA;NA
495;49;14;2021;3;42;52;29;13;42;58;63;31;62;46;37;49;48;60;75;72;69;74;70;83;72;45;43;59;46;54;68;80;73;76;73
496;49;14;2021;4;82;57;44;75;72;61;78;67;56;65;56;71;52;61;72;77;95;90;60;55;71;56;76;85;61;48;44;49;76;68;NA
497;49;14;2021;5;72;91;85;71;71;60;66;68;73;72;86;84;79;86;55;36;81;58;84;84;56;92;79;73;86;88;76;79;85;94;75
498;49;14;2021;6;66;68;85;67;55;55;70;74;78;96;81;98;97;99;89;86;56;54;70;62;58;47;65;84;82;77;77;76;79;77;NA
499;49;14;2021;7;68;63;59;72;61;39;58;64;75;77;82;70;66;63;81;82;94;100;94;82;88;83;66;81;77;63;75;76;79;86;67
500;49;14;2021;8;62;78;67;74;60;64;75;69;64;63;55;75;66;52;65;88;80;79;75;72;66;77;72;NA;82;59;64;75;70;64;55
501;49;14;2021;9;50;43;57;74;65;45;56;58;53;59;47;46;33;29;37;34;46;50;53;51;49;53;60;34;50;53;32;43;44;49;NA
502;49;14;2021;10;38;44;45;43;34;31;35;24;54;53;43;45;48;40;37;32;47;21;30;44;42;52;42;34;23;44;26;29;33;30;27
503;49;14;2021;11;47;46;NA;32;49;46;24;28;27;33;10;30;23;29;45;22;40;31;33;34;24;14;23;21;19;20;46;55;49;16;NA
504;49;14;2021;12;17;40;29;24;55;46;19;56;49;47;32;11;13;17;15;14;16;21;28;10;10;16;15;17;33;29;44;40;17;10;11
505;50;8;2021;1;21;29;35;45;55;30;29;22;17;19;49;72;97;116;115;142;101;89;72;74;29;29;17;17;25;33;40;37;34;15;14
506;50;8;2021;2;23;30;40;38;27;31;16;25;33;32;41;36;35;33;34;51;63;57;58;35;16;35;42;38;28;37;28;14;NA;NA;NA
507;50;8;2021;3;32;31;44;52;35;20;22;40;27;45;40;34;31;24;24;15;13;22;18;13;20;43;51;50;50;39;17;15;26;23;26
508;50;8;2021;4;20;21;28;22;35;46;21;24;24;22;16;20;36;21;25;28;19;19;41;39;28;34;17;12;21;40;39;33;28;34;NA
509;50;8;2021;5;22;17;13;37;40;41;34;29;18;24;22;23;25;31;20;13;25;34;15;31;46;18;12;29;20;26;20;27;21;15;23
510;50;8;2021;6;26;33;27;38;15;24;31;36;38;34;18;9;12;25;NA;23;32;23;22;15;23;34;18;24;33;28;18;23;27;35;NA
511;50;8;2021;7;43;49;25;20;28;28;29;17;30;35;21;25;16;15;21;33;19;17;32;43;32;41;52;20;20;22;32;34;34;36;18
512;50;8;2021;8;12;22;29;24;35;27;17;18;20;20;34;32;38;32;26;18;13;20;25;27;30;24;22;20;23;36;40;25;19;29;25
513;50;8;2021;9;24;29;40;28;32;31;41;28;36;30;34;31;42;26;34;45;43;29;23;20;13;20;18;28;30;24;56;49;34;38;NA
514;50;8;2021;10;49;39;21;39;35;34;54;53;28;19;27;31;31;51;58;56;31;46;47;43;37;15;30;40;56;40;64;57;53;24;16
515;50;8;2021;11;19;31;31;44;33;28;49;48;44;49;78;49;36;36;26;43;27;40;29;26;36;40;36;41;50;58;29;25;33;64;NA
516;50;8;2021;12;54;39;53;36;17;25;39;17;30;33;44;50;50;49;70;63;55;40;33;52;54;51;54;38;24;28;22;30;43;48;48
517;50;9;2021;1;4;3;7;6;11;9;5;5;6;5;13;26;36;39;37;54;39;22;20;19;6;5;5;5;6;11;14;14;12;4;6
518;50;9;2021;2;4;7;9;12;12;9;5;4;6;5;NA;9;8;9;10;17;18;23;22;17;18;7;11;16;17;NA;11;13;NA;NA;NA
519;50;9;2021;3;14;16;21;28;22;16;13;11;8;13;14;6;6;6;5;3;2;4;3;3;5;10;10;9;10;12;11;11;8;10;9
520;50;9;2021;4;11;7;12;10;12;9;7;9;8;12;7;5;7;7;9;9;6;11;11;10;6;8;4;6;6;12;10;9;7;8;NA
521;50;9;2021;5;5;6;6;8;9;6;6;8;8;6;4;5;4;5;5;3;4;7;3;7;11;4;4;5;5;9;NA;12;8;10;14
522;50;9;2021;6;19;10;12;12;14;14;9;10;11;12;13;8;8;10;10;14;35;33;1;5;5;5;4;6;9;11;6;6;7;10;NA
523;50;9;2021;7;13;11;5;5;9;12;6;5;8;16;26;6;7;7;6;9;11;8;11;14;16;14;15;9;6;13;18;11;30;4;7
524;50;9;2021;8;5;8;12;10;10;8;7;6;40;47;29;22;26;20;14;14;7;12;15;20;15;14;12;10;14;15;8;12;10;8;10
525;50;9;2021;9;16;16;NA;NA;NA;NA;5;11;11;8;7;9;25;43;NA;14;7;3;4;5;5;6;6;13;12;NA;NA;6;5;9;NA
526;50;9;2021;10;11;11;6;6;7;5;10;8;6;6;9;13;5;11;15;12;12;11;12;9;7;3;6;7;11;9;14;13;14;10;10
527;50;9;2021;11;2;4;4;5;4;4;7;6;5;9;20;7;9;9;4;6;4;5;6;6;11;10;9;8;8;9;3;3;5;11;NA
528;50;9;2021;12;14;4;7;6;3;5;8;3;3;4;7;12;12;8;13;15;11;12;8;13;23;17;14;9;4;6;4;6;13;13;13
529;50;10;2021;1;7;7;11;14;19;13;8;6;6;6;17;31;43;49;44;63;46;30;24;23;8;8;8;12;8;15;21;20;21;8;11
530;50;10;2021;2;13;13;15;20;36;19;8;9;10;13;21;16;17;15;18;30;33;84;88;38;59;14;18;35;49;NA;25;28;NA;NA;NA
531;50;10;2021;3;33;44;85;83;57;35;23;21;15;22;23;14;13;11;11;11;7;11;9;6;9;20;21;19;23;37;27;26;25;30;28
532;50;10;2021;4;30;15;23;20;21;18;15;19;17;22;10;11;14;14;18;16;11;15;20;18;12;13;8;10;7;22;19;17;15;18;NA
533;50;10;2021;5;10;10;12;16;17;16;15;18;18;15;10;13;12;11;11;9;9;18;9;17;28;11;10;11;14;23;NA;22;15;18;28
534;50;10;2021;6;30;23;25;24;22;24;18;20;22;25;27;15;17;25;31;30;48;41;1;10;10;13;7;13;19;21;14;14;15;21;NA
535;50;10;2021;7;26;23;14;11;19;20;11;9;19;30;77;21;15;14;14;21;21;16;23;31;33;32;28;15;11;19;31;22;41;15;16
536;50;10;2021;8;10;15;23;22;21;18;14;12;51;66;81;48;52;55;39;27;15;24;30;31;28;27;29;25;30;32;25;27;19;17;22
537;50;10;2021;9;22;21;25;5;20;29;15;19;17;14;14;19;45;49;41;22;14;5;7;11;8;9;11;27;18;NA;NA;15;11;17;NA
538;50;10;2021;10;20;20;9;12;15;11;20;NA;13;12;16;22;11;23;32;27;20;21;25;23;16;9;13;15;26;24;31;30;27;14;14
539;50;10;2021;11;3;11;10;12;9;7;16;14;13;19;39;17;16;16;9;14;9;13;13;13;21;16;15;18;18;18;5;8;11;21;NA
540;50;10;2021;12;23;10;15;13;7;9;13;5;9;11;15;19;21;15;26;27;19;19;14;22;41;28;21;10;7;8;11;17;25;23;21
541;54;8;2021;1;14;24;27;29;51;31;28;17;9;12;35;46;66;78;89;86;63;78;70;49;22;16;9;8;15;22;39;28;32;7;5
542;54;8;2021;2;16;17;23;31;25;20;7;15;15;21;32;22;31;28;24;35;51;47;43;25;10;20;36;28;27;37;30;11;NA;NA;NA
543;54;8;2021;3;35;36;46;45;38;18;13;33;18;33;32;30;33;26;21;14;12;18;11;8;13;35;51;44;42;23;14;12;22;21;21
544;54;8;2021;4;14;14;26;21;26;33;17;16;22;13;10;24;35;21;15;18;12;11;26;31;18;28;18;11;16;23;24;22;13;18;NA
545;54;8;2021;5;16;11;11;20;35;24;27;24;7;15;11;9;14;12;13;7;14;23;15;23;25;6;7;16;12;18;20;19;15;7;15
546;54;8;2021;6;14;21;16;17;10;16;22;23;23;17;21;9;10;17;16;13;19;19;13;7;11;20;16;17;22;23;7;12;18;19;NA
547;54;8;2021;7;25;26;13;6;16;15;19;19;26;18;12;8;9;15;22;26;12;9;15;24;31;25;28;10;12;16;17;18;14;18;10
548;54;8;2021;8;8;17;20;9;29;18;7;14;11;16;21;20;39;29;17;20;13;15;19;16;28;25;18;17;11;28;25;21;12;15;23
549;54;8;2021;9;18;26;29;34;33;31;25;18;20;16;22;28;37;23;24;38;27;28;21;20;14;19;18;27;18;18;50;44;46;42;NA
550;54;8;2021;10;47;38;12;24;34;47;61;58;39;29;40;38;43;55;60;64;32;50;46;30;37;17;34;45;66;50;63;61;36;11;11
551;54;8;2021;11;12;23;16;40;18;20;48;54;56;57;84;56;46;29;24;44;34;45;35;33;35;38;37;40;51;65;30;14;23;74;NA
552;54;8;2021;12;55;31;57;38;11;18;29;9;16;16;43;53;53;67;84;74;69;49;41;57;65;52;55;27;18;20;11;25;46;58;48
553;54;14;2021;1;48;38;24;26;12;22;22;34;49;49;32;20;10;8;8;NA;NA;NA;10;20;35;47;48;53;35;21;10;10;11;44;55
554;54;14;2021;2;40;32;21;25;26;35;49;47;53;49;19;39;36;32;41;28;24;17;20;39;57;49;24;30;30;27;34;52;NA;NA;NA
555;54;14;2021;3;32;35;20;9;23;45;51;29;48;36;29;32;35;41;55;60;54;58;59;70;59;35;29;38;37;51;58;64;61;62;61
556;54;14;2021;4;67;52;34;59;54;48;62;56;46;51;51;53;35;47;59;62;76;75;NA;NA;NA;45;63;71;53;41;41;42;57;57;NA
557;54;14;2021;5;56;71;68;60;45;50;48;51;65;53;63;67;61;68;45;26;61;46;61;59;46;75;62;56;67;66;60;59;61;70;54
558;54;14;2021;6;46;56;63;55;52;54;53;56;60;70;61;74;78;78;68;71;48;45;56;50;45;38;49;65;59;61;63;63;67;59;NA
559;54;14;2021;7;53;50;46;57;46;33;46;48;50;64;69;60;56;48;58;65;76;82;76;66;61;67;56;68;67;56;60;59;57;67;51
560;54;14;2021;8;49;56;51;61;NA;48;62;54;42;46;46;51;41;40;49;65;63;60;58;54;51;63;55;52;68;60;65;63;61;53;44
561;54;14;2021;9;38;35;43;50;46;34;48;43;38;46;37;NA;NA;21;30;25;38;36;43;41;42;44;47;28;48;50;30;39;36;43;NA
562;54;14;2021;10;35;42;43;39;29;25;27;21;47;47;35;41;43;36;32;26;45;20;21;NA;NA;54;42;35;23;42;27;27;40;39;31
563;54;14;2021;11;53;46;60;31;55;51;22;25;26;30;11;26;25;35;NA;NA;40;30;33;32;22;18;24;18;19;18;43;61;53;14;NA
564;54;14;2021;12;17;47;24;21;65;54;25;68;58;58;37;16;13;14;16;14;12;19;28;9;6;13;10;23;42;35;51;40;16;9;11
565;55;8;2021;1;23;34;38;33;62;41;39;30;10;15;53;74;84;99;119;111;100;95;77;77;31;19;15;11;24;39;42;39;37;7;11
566;55;8;2021;2;21;25;39;38;32;26;12;21;27;25;50;25;49;38;40;57;54;49;55;43;14;33;45;36;34;42;40;16;NA;NA;NA
567;55;8;2021;3;34;40;48;45;35;26;25;33;18;47;41;27;35;29;20;11;9;15;12;7;18;36;59;54;49;38;19;22;32;30;31
568;55;8;2021;4;25;20;29;24;36;41;14;23;24;21;13;20;40;22;21;18;12;14;36;33;20;24;21;13;18;28;37;32;18;27;NA
569;55;8;2021;5;17;12;11;29;41;34;35;32;12;16;9;10;13;14;19;7;16;35;13;31;37;7;9;20;17;21;24;19;23;11;19
570;55;8;2021;6;18;28;17;21;14;NA;NA;NA;NA;NA;21;10;15;24;22;21;25;18;20;9;12;28;13;19;27;27;9;14;24;22;NA
571;55;8;2021;7;33;36;23;8;25;20;24;21;29;34;28;8;10;14;21;32;29;21;28;39;44;45;45;21;20;25;28;28;24;29;18
572;55;8;2021;8;10;30;27;15;38;32;10;18;20;25;39;27;41;42;29;36;14;22;27;25;35;39;27;22;21;42;42;37;28;24;28
573;55;8;2021;9;22;30;38;42;42;40;37;21;27;16;28;40;47;27;25;38;34;28;26;24;10;19;21;29;22;28;59;42;44;41;NA
574;55;8;2021;10;55;39;12;30;32;37;59;52;37;30;37;36;40;57;56;63;33;42;48;40;34;13;40;49;61;50;62;55;49;18;12
575;55;8;2021;11;9;24;13;37;19;24;49;42;47;58;66;57;45;34;23;42;29;47;36;36;44;37;35;39;48;50;21;29;14;65;NA
576;55;8;2021;12;54;41;72;46;9;31;37;6;20;12;49;45;46;54;82;77;68;44;44;56;51;48;50;41;21;29;14;24;45;44;45
577;55;10;2021;1;10;7;12;10;23;16;11;8;NA;NA;NA;NA;NA;NA;NA;NA;NA;NA;NA;NA;9;5;8;9;10;18;20;25;22;8;11
578;55;10;2021;2;17;12;18;24;50;23;9;11;13;13;NA;18;27;23;25;39;52;112;125;52;92;20;28;55;70;56;34;31;NA;NA;NA
579;55;10;2021;3;38;50;93;102;85;44;29;19;16;21;30;13;12;15;14;11;7;10;8;7;10;12;24;22;27;43;32;30;29;32;31
580;55;10;2021;4;36;11;20;24;24;18;15;18;17;20;6;9;14;15;20;11;11;12;18;18;11;8;9;10;11;18;18;15;12;16;NA
581;55;10;2021;5;12;12;12;17;18;16;22;22;17;13;9;10;9;12;12;7;10;16;8;21;29;9;11;12;14;23;23;22;17;20;31
582;55;10;2021;6;NA;32;NA;29;NA;NA;NA;NA;NA;NA;NA;19;22;25;36;48;44;22;9;9;11;13;6;15;21;26;16;14;17;22;NA
583;55;10;2021;7;28;29;21;12;25;21;19;18;33;29;89;32;16;17;26;31;20;29;27;34;42;41;33;17;17;36;34;29;67;25;20
584;55;10;2021;8;12;21;29;19;25;27;16;18;73;120;113;70;37;74;60;23;14;40;42;48;39;36;37;45;66;39;32;33;23;NA;32
585;55;10;2021;9;27;27;20;17;24;29;31;20;19;14;17;24;46;43;29;22;21;16;9;10;7;10;11;50;21;6;20;22;15;22;NA
586;55;10;2021;10;24;23;12;14;18;13;23;24;17;16;17;19;18;28;35;32;NA;24;26;28;18;11;14;18;31;26;31;33;31;26;41
587;55;10;2021;11;NA;13;7;12;6;7;14;14;18;NA;33;22;19;17;8;16;10;19;15;15;25;17;12;16;20;20;10;11;8;27;NA
588;55;10;2021;12;34;15;NA;19;9;11;18;7;9;11;20;17;26;23;32;39;30;21;19;30;42;35;26;16;9;11;11;15;29;25;25
589;56;8;2021;1;15;33;40;37;61;54;49;40;21;24;48;68;96;109;120;109;93;98;83;83;21;21;13;14;17;25;38;28;27;11;11
590;56;8;2021;2;20;21;36;49;45;38;16;22;27;21;46;27;40;43;43;53;63;56;59;48;19;30;51;48;47;55;59;28;NA;NA;NA
591;56;8;2021;3;52;53;54;55;50;38;32;50;31;49;40;33;33;32;36;31;26;36;24;23;30;61;60;65;59;43;43;31;43;44;43
592;56;8;2021;4;30;20;34;33;46;44;30;31;42;26;20;41;56;38;36;37;23;24;37;35;27;35;35;26;35;32;43;32;24;33;NA
593;56;8;2021;5;21;25;22;33;41;43;41;39;22;21;16;17;19;22;23;11;28;32;32;37;51;17;22;27;34;32;47;40;34;22;33
594;56;8;2021;6;30;39;35;35;29;38;38;41;46;38;42;25;23;39;38;36;38;32;21;14;16;28;33;34;41;39;17;20;42;35;NA
595;56;8;2021;7;48;50;22;14;25;24;23;38;48;49;34;15;22;34;42;55;41;24;41;48;52;57;51;17;19;43;40;39;33;34;15
596;56;8;2021;8;16;27;31;16;32;23;15;25;32;38;43;40;58;56;39;52;27;26;42;35;57;50;43;29;30;54;49;32;22;30;43
597;56;8;2021;9;37;43;48;54;51;55;52;24;31;24;33;46;53;39;39;50;41;30;41;39;31;37;35;44;33;36;68;49;53;41;NA
598;56;8;2021;10;60;48;18;38;33;56;74;66;49;44;52;56;59;67;65;73;42;54;60;43;40;32;46;55;72;63;71;66;54;24;16
599;56;8;2021;11;16;26;21;47;48;43;58;55;69;72;79;73;63;51;50;58;51;62;50;50;45;49;46;39;58;67;25;14;24;71;NA
600;56;8;2021;12;46;45;50;42;20;24;41;13;24;20;53;54;59;74;73;80;71;58;54;64;67;58;61;47;36;27;18;29;52;49;53
601;56;9;2021;1;4;4;7;6;12;13;8;6;5;6;14;25;38;43;45;50;37;33;21;20;NA;4;4;4;3;5;7;7;9;3;3
602;56;9;2021;2;5;4;7;11;13;7;4;3;3;5;9;5;6;9;10;18;16;19;17;16;14;4;7;12;11;14;14;12;NA;NA;NA
603;56;9;2021;3;12;13;19;21;20;16;11;11;8;11;10;4;7;7;5;5;3;5;4;3;6;10;11;12;13;10;12;11;9;7;10
604;56;9;2021;4;9;4;10;12;11;9;6;8;10;9;4;6;9;9;7;9;5;10;11;8;6;5;5;7;6;9;9;5;5;6;NA
605;56;9;2021;5;5;6;7;7;9;10;9;9;6;5;3;4;4;3;6;4;6;7;5;7;12;4;4;5;7;8;9;10;8;10;11
606;56;9;2021;6;13;10;12;7;8;13;10;9;11;14;14;7;9;9;11;12;10;11;6;4;4;7;5;5;9;12;7;5;8;9;NA
607;56;9;2021;7;11;11;6;6;7;7;7;6;12;15;19;9;6;7;9;15;14;9;10;12;12;16;15;8;10;14;19;13;25;12;6
608;56;9;2021;8;5;9;16;9;7;10;8;7;34;41;20;19;19;24;17;13;8;20;23;26;17;12;16;23;NA;15;12;11;11;8;11
609;56;9;2021;9;15;13;11;9;15;12;10;7;6;5;7;10;15;17;13;12;8;4;7;6;3;5;7;23;11;2;10;10;8;12;NA
610;56;9;2021;10;13;12;7;5;5;7;10;11;10;9;10;12;8;13;13;15;11;14;14;10;5;5;8;10;13;10;13;14;10;14;22
611;56;9;2021;11;4;4;3;8;6;7;12;13;11;13;18;14;13;13;5;10;8;10;8;8;11;9;8;8;8;11;3;4;3;14;NA
612;56;9;2021;12;12;5;7;8;3;4;9;3;4;3;9;13;14;16;13;17;14;13;9;15;19;12;14;9;10;11;4;7;16;15;14
613;56;10;2021;1;4;6;10;8;18;19;12;9;5;6;16;28;42;48;50;55;41;38;24;22;NA;6;6;7;4;6;10;9;12;5;5
614;56;10;2021;2;8;5;9;15;30;11;5;4;5;7;15;7;9;12;13;24;24;53;52;31;34;6;11;21;29;31;24;20;NA;NA;NA
615;56;10;2021;3;23;29;52;48;39;25;16;16;12;16;16;7;11;10;10;10;7;10;7;5;9;17;20;21;24;26;23;19;20;21;23
616;56;10;2021;4;24;7;17;20;18;16;12;14;15;14;5;9;15;14;13;13;9;13;16;13;9;7;9;9;9;13;14;8;9;9;NA
617;56;10;2021;5;7;8;10;11;14;18;15;17;11;8;5;6;9;6;10;7;10;13;10;15;22;8;8;9;13;15;17;16;14;16;23
618;56;10;2021;6;20;20;21;16;14;19;20;24;23;25;26;14;15;19;26;25;15;15;9;7;7;11;9;13;18;23;15;10;14;16;NA
619;56;10;2021;7;21;22;12;10;13;11;11;NA;22;27;56;19;11;12;20;25;22;17;19;25;27;36;28;13;15;20;26;21;36;20;12
620;56;10;2021;8;8;16;25;14;13;18;16;11;43;54;55;43;44;55;42;24;17;30;36;34;32;27;32;35;NA;30;25;23;18;15;21
621;56;10;2021;9;19;17;15;14;21;21;22;10;11;8;11;13;30;22;15;17;12;7;11;10;6;8;11;30;13;4;17;16;13;18;NA
622;56;10;2021;10;19;18;9;8;8;12;18;18;15;14;15;18;15;23;20;24;16;19;24;18;11;11;15;18;24;21;22;23;16;14;22
623;56;10;2021;11;4;8;6;12;10;9;16;20;16;20;22;19;18;17;9;15;12;14;12;11;15;12;11;10;12;16;5;5;5;20;NA
624;56;10;2021;12;15;7;10;10;4;5;11;3;6;5;12;16;18;22;19;26;20;16;12;20;27;18;18;11;11;11;5;10;20;19;18
625;57;1;2021;1;2;2;2;2;3;2;2;1;1;1;2;2;3;4;6;7;4;4;3;3;2;2;2;2;2;2;2;2;2;2;2
626;57;1;2021;2;2;2;2;2;2;2;2;2;2;2;2;2;2;2;2;3;3;3;3;3;2;2;2;2;2;2;2;2;NA;NA;NA
627;57;1;2021;3;2;2;2;2;2;2;2;2;2;2;2;2;2;2;2;2;2;2;2;2;2;2;3;2;2;2;2;2;2;2;2
628;57;1;2021;4;2;2;2;2;2;2;2;2;2;2;2;2;2;2;2;2;2;2;2;2;2;2;2;2;2;2;2;2;2;2;NA
629;57;1;2021;5;2;2;2;2;2;2;2;2;2;2;2;2;2;2;2;2;2;2;2;2;2;2;2;2;2;2;2;2;2;2;2
630;57;1;2021;6;2;2;2;2;2;2;2;2;2;2;2;2;2;2;2;2;2;2;2;2;2;2;2;2;2;2;2;2;2;2;NA
631;57;1;2021;7;2;2;2;2;2;2;2;2;2;2;2;2;2;2;2;2;3;2;2;2;3;3;2;2;2;2;2;2;2;2;2
632;57;1;2021;8;2;2;2;2;3;2;2;2;2;2;2;2;2;2;2;2;2;2;2;2;3;3;2;2;2;2;2;2;2;2;2
633;57;1;2021;9;2;2;2;2;2;2;3;2;2;2;2;2;3;2;2;2;2;2;2;2;1;1;1;1;1;1;2;2;2;2;NA
634;57;1;2021;10;2;2;2;2;2;2;2;2;2;1;1;1;1;2;2;2;2;2;2;2;2;2;2;2;NA;NA;2;NA;NA;NA;NA
635;57;1;2021;11;NA;NA;2;2;2;2;2;2;2;2;4;2;2;2;2;NA;4;NA;3;3;1;NA;NA;3;5;5;2;2;5;5;NA
636;57;1;2021;12;4;3;6;3;4;3;4;4;5;3;4;4;3;4;4;7;7;6;6;6;5;6;6;4;4;5;2;3;4;2;3
637;57;8;2021;1;15;23;30;30;60;29;25;18;14;14;43;64;82;89;120;131;100;84;65;76;19;17;11;10;20;33;32;33;27;10;10
638;57;8;2021;2;15;23;36;37;25;24;11;19;25;18;40;21;31;34;30;45;61;39;56;35;12;29;38;35;24;33;31;12;NA;NA;NA
639;57;8;2021;3;27;32;41;40;37;16;19;30;16;30;35;25;26;29;17;11;9;15;14;9;17;31;46;35;31;32;15;13;21;20;22
640;57;8;2021;4;14;17;22;21;22;30;17;18;21;15;9;17;25;16;21;18;13;13;26;32;17;19;16;12;16;26;32;25;15;26;NA
641;57;8;2021;5;15;11;10;23;32;24;26;19;12;14;10;11;11;14;12;7;16;20;10;21;32;9;8;13;13;16;17;19;18;9;15
642;57;8;2021;6;17;23;16;21;13;18;19;20;21;19;13;8;9;16;12;17;22;17;15;8;11;26;10;19;23;18;9;11;16;17;NA
643;57;8;2021;7;29;31;17;9;16;17;18;13;24;24;14;11;9;9;18;21;12;10;16;21;23;24;31;12;12;18;24;19;19;18;10
644;57;8;2021;8;7;15;20;13;24;19;8;13;16;19;26;18;24;25;16;14;8;12;14;15;22;20;16;15;18;32;25;21;13;15;17
645;57;8;2021;9;17;23;29;28;31;29;30;15;20;14;22;22;31;21;24;34;24;22;20;13;9;13;14;20;19;15;44;31;30;31;NA
646;57;8;2021;10;33;24;12;26;24;34;41;40;31;19;25;28;30;45;41;51;25;44;42;30;28;10;30;35;49;42;49;43;37;14;12
647;57;8;2021;11;13;20;16;35;19;22;46;43;42;43;67;44;33;27;17;35;24;42;27;23;29;38;34;40;45;52;19;15;19;61;NA
648;57;8;2021;12;48;29;48;40;9;15;36;8;16;19;41;48;49;51;66;76;64;42;33;48;50;45;55;37;18;20;11;18;40;46;41
649;57;9;2021;1;3;2;4;3;12;9;6;4;6;6;12;24;33;33;46;65;45;26;20;26;2;2;2;2;2;6;6;11;9;2;3
650;57;9;2021;2;3;3;5;9;14;7;2;2;2;2;9;3;6;7;8;14;18;26;28;19;24;NA;NA;15;18;17;14;15;NA;NA;NA
651;57;9;2021;3;16;18;27;36;30;20;14;10;9;11;13;4;5;6;5;4;2;4;3;3;5;7;9;9;9;12;13;13;8;10;10
652;57;9;2021;4;12;6;11;11;10;7;6;8;9;11;3;3;5;7;9;7;7;9;9;9;6;3;3;6;8;9;9;7;5;7;NA
653;57;9;2021;5;4;5;5;8;9;7;7;9;6;4;2;5;4;4;5;3;3;5;3;6;10;4;4;3;5;9;9;9;NA;10;10
654;57;9;2021;6;12;12;10;9;7;11;9;11;11;12;12;7;8;11;11;13;8;7;4;5;3;5;3;5;8;12;6;5;4;8;NA
655;57;9;2021;7;9;9;8;5;7;4;5;5;9;12;25;6;4;5;5;10;10;8;10;14;16;15;15;6;6;8;11;11;12;12;7
656;57;9;2021;8;4;6;9;5;7;7;5;5;9;11;22;18;17;23;17;8;6;9;11;10;10;10;10;11;12;16;14;14;10;8;9
657;57;9;2021;9;8;10;11;11;12;12;12;6;5;NA;6;9;15;10;6;9;8;8;5;NA;3;4;6;9;8;6;NA;9;4;8;NA
658;57;9;2021;10;8;9;3;4;3;4;6;6;6;6;7;NA;NA;8;11;12;11;10;10;10;6;3;4;7;8;8;10;NA;NA;2;NA
659;57;9;2021;11;NA;NA;2;4;2;4;8;5;6;6;13;7;9;9;2;5;4;7;6;6;8;10;8;NA;5;7;2;2;2;9;NA
660;57;9;2021;12;18;2;5;10;2;2;10;1;2;3;8;10;9;8;9;15;13;14;9;13;22;17;16;10;4;4;3;5;13;10;11
661;57;10;2021;1;4;4;6;6;17;12;9;6;6;6;14;26;37;37;51;71;50;30;23;29;4;4;4;5;4;8;10;16;14;5;5
662;57;10;2021;2;8;6;8;14;35;14;3;4;5;5;16;5;10;11;14;21;29;77;90;38;57;NA;NA;28;43;44;27;26;NA;NA;NA
663;57;10;2021;3;31;40;74;84;64;38;23;16;12;15;20;8;9;10;9;8;4;7;6;5;7;11;16;16;17;31;26;25;21;26;25
664;57;10;2021;4;28;9;19;20;15;13;12;15;14;17;4;5;9;12;15;11;11;12;14;14;9;4;6;9;10;14;14;11;8;13;NA
665;57;10;2021;5;6;7;9;12;14;13;14;16;13;8;5;8;8;7;8;5;7;11;8;14;21;9;8;6;12;18;17;15;NA;16;21
666;57;10;2021;6;21;22;20;18;12;17;15;18;19;20;23;13;14;21;28;27;14;14;8;8;7;9;5;9;16;20;12;9;10;17;NA
667;57;10;2021;7;19;17;14;10;14;11;10;9;18;24;73;18;9;10;12;21;18;16;19;25;31;32;29;12;11;12;19;20;24;21;13
668;57;10;2021;8;7;13;17;11;14;17;10;10;20;28;68;45;44;58;43;17;12;20;23;21;20;23;26;24;27;31;28;26;19;16;19
669;57;10;2021;9;13;15;17;16;19;22;26;12;10;NA;11;17;29;17;11;14;12;11;8;NA;6;8;11;20;13;10;NA;15;9;15;NA
670;57;10;2021;10;14;15;5;7;7;9;11;13;11;12;12;NA;NA;17;22;23;16;18;19;20;12;7;8;13;19;20;22;NA;NA;3;NA
671;57;10;2021;11;NA;NA;3;7;4;6;12;10;11;12;26;13;13;12;4;11;7;13;10;10;14;13;11;NA;10;14;5;3;4;15;NA
672;57;10;2021;12;24;5;10;14;4;3;13;2;4;5;13;15;12;NA;18;26;22;19;14;18;33;26;21;11;5;5;7;10;21;17;15
673;58;8;2021;1;7;12;19;16;28;17;9;7;5;6;13;33;49;52;53;56;56;41;42;43;15;7;4;6;6;13;16;17;13;5;4
674;58;8;2021;2;7;9;16;20;21;15;6;8;10;9;16;12;14;15;17;23;23;19;23;23;12;12;15;22;16;16;14;9;NA;NA;NA
675;58;8;2021;3;13;19;19;29;16;13;15;11;12;21;15;11;13;11;12;9;7;10;8;5;9;17;20;23;19;14;12;12;14;15;12
676;58;8;2021;4;12;10;9;10;14;17;16;15;20;11;5;9;14;12;17;16;8;10;16;18;8;8;13;9;8;13;15;9;6;12;NA
677;58;8;2021;5;9;8;6;11;13;11;14;15;9;6;5;5;6;8;12;5;10;10;9;17;14;7;5;6;11;14;17;11;12;7;11
678;58;8;2021;6;12;16;15;14;9;12;14;16;16;16;11;7;7;10;11;13;11;14;8;6;6;15;9;11;15;13;9;9;12;14;NA
679;58;8;2021;7;18;19;11;7;9;9;11;9;12;14;10;5;9;9;10;16;11;8;11;16;18;16;13;8;8;20;18;16;15;13;8
680;58;8;2021;8;6;11;12;7;11;10;9;8;11;14;14;11;18;14;9;11;8;12;11;14;13;12;13;19;15;21;20;12;8;12;16
681;58;8;2021;9;13;18;18;18;20;24;23;14;16;11;17;17;20;17;15;19;16;12;15;11;8;8;8;12;13;14;20;22;16;16;NA
682;58;8;2021;10;22;20;10;13;14;17;20;26;16;16;15;18;17;25;25;29;18;22;26;20;17;6;15;17;29;25;27;24;21;7;5
683;58;8;2021;11;6;10;7;16;11;13;22;17;21;24;33;26;22;20;21;20;18;22;20;10;15;14;21;15;24;22;7;4;8;25;NA
684;58;8;2021;12;22;16;25;15;4;8;16;4;6;6;21;19;24;21;28;40;30;17;16;20;21;26;33;21;14;9;5;11;15;19;22
685;58;14;2021;1;55;49;33;45;20;34;43;46;60;45;36;NA;NA;NA;NA;13;14;16;13;8;30;47;43;49;36;18;16;14;18;42;48
686;58;14;2021;2;48;29;20;22;22;24;30;41;44;48;21;38;29;24;25;20;20;21;21;24;36;39;25;21;25;27;28;37;NA;NA;NA
687;58;14;2021;3;37;31;22;13;22;37;30;23;36;29;28;35;33;35;39;43;46;49;43;55;42;32;33;37;37;36;39;42;46;45;46
688;58;14;2021;4;51;32;27;39;44;40;46;44;35;37;40;50;36;39;34;42;56;49;42;36;41;40;45;50;37;32;32;35;50;41;NA
689;58;14;2021;5;44;55;54;44;43;42;43;42;38;40;56;72;80;84;42;37;78;58;78;72;60;88;74;73;78;77;72;78;69;93;74
690;58;14;2021;6;59;59;74;65;65;53;68;68;76;87;94;99;101;98;96;94;69;53;66;64;65;49;55;89;84;83;70;78;74;78;NA
691;58;14;2021;7;69;67;60;77;63;50;56;67;84;85;86;77;66;70;90;89;92;100;92;87;95;96;82;84;79;62;74;76;77;84;67
692;58;14;2021;8;66;75;71;79;62;68;73;69;73;74;69;83;74;67;69;87;86;80;82;76;74;80;86;72;89;82;81;80;75;66;67
693;58;14;2021;9;62;43;47;67;66;53;60;55;51;67;45;53;41;36;43;44;50;48;51;53;60;70;76;52;49;47;41;44;49;65;NA
694;58;14;2021;10;44;NA;51;41;43;42;46;38;58;62;50;50;48;48;48;41;45;27;36;46;48;65;45;42;35;49;42;43;47;48;39
695;58;14;2021;11;67;62;73;37;45;45;28;33;34;36;25;32;28;30;37;28;38;30;45;56;29;27;28;22;19;25;68;75;69;25;NA
696;58;14;2021;12;27;52;30;40;79;67;29;78;73;75;46;19;19;23;21;14;20;34;36;15;12;10;9;18;38;37;61;40;22;15;15
697;59;8;2021;1;7;9;17;12;28;9;9;11;6;7;29;48;50;55;80;77;65;58;42;52;20;15;12;9;19;31;31;36;28;8;10
698;59;8;2021;2;17;22;31;32;19;18;9;16;21;16;37;19;30;23;21;41;46;36;45;34;9;20;27;23;20;18;22;9;NA;NA;NA
699;59;8;2021;3;22;25;37;35;25;16;17;22;11;32;36;19;22;21;13;9;6;9;10;6;10;22;44;32;36;31;12;11;14;15;15
700;59;8;2021;4;11;16;17;17;18;30;12;16;17;13;11;11;19;12;14;13;10;11;26;26;14;17;12;7;11;23;31;27;15;21;NA
701;59;8;2021;5;12;8;8;17;24;17;26;17;9;13;8;9;10;10;12;6;10;20;7;20;33;7;7;12;11;13;16;14;13;7;14
702;59;8;2021;6;15;21;13;19;12;17;15;17;20;18;12;7;7;13;11;14;18;14;15;7;10;23;9;10;16;16;8;9;21;16;NA
703;59;8;2021;7;26;31;20;7;17;16;18;12;17;21;16;7;7;10;16;20;14;11;13;21;25;26;31;13;13;16;22;18;17;16;9
704;59;8;2021;8;6;14;17;9;28;20;7;13;14;17;24;15;21;27;14;13;9;12;16;17;28;23;18;12;15;32;19;20;11;16;18
705;59;8;2021;9;15;18;25;21;24;20;27;13;21;11;21;19;23;18;19;31;20;23;19;12;9;10;10;20;18;20;45;25;27;26;NA
706;59;8;2021;10;36;25;10;25;27;27;40;37;27;13;20;22;25;36;36;46;25;37;31;28;26;8;26;27;38;30;38;28;32;12;10
707;59;8;2021;11;8;17;12;24;11;10;34;23;32;37;50;36;29;22;12;32;16;35;21;18;33;32;28;33;34;38;16;18;15;57;NA
708;59;8;2021;12;44;30;53;42;8;18;35;7;18;12;36;38;32;32;49;55;47;27;23;40;38;38;45;34;14;21;11;17;37;32;28
709;59;14;2021;1;48;46;29;46;12;33;34;41;56;58;36;18;20;22;8;8;13;14;16;5;44;57;53;66;38;14;13;5;13;54;62
710;59;14;2021;2;55;34;22;29;31;43;54;54;55;64;17;52;38;36;41;23;18;22;21;33;63;53;33;32;33;39;41;58;NA;NA;NA
711;59;14;2021;3;40;41;20;12;25;48;51;36;56;39;23;46;46;45;62;67;65;70;65;77;67;47;34;54;46;45;60;62;66;65;63
712;59;14;2021;4;69;55;39;63;64;56;70;60;54;51;54;69;46;53;63;70;81;79;57;47;57;58;68;77;57;43;38;41;66;57;NA
713;59;14;2021;5;63;76;68;62;60;59;54;63;71;62;76;74;69;75;47;31;72;51;70;68;47;79;65;63;74;82;75;80;82;91;72
714;59;14;2021;6;61;70;84;71;65;67;77;82;85;94;87;93;97;100;89;84;59;59;69;68;63;49;68;88;83;88;82;82;82;80;NA
715;59;14;2021;7;73;66;58;77;62;44;57;65;77;84;86;78;66;65;81;94;98;99;99;94;94;92;75;84;81;70;78;83;85;96;68
716;59;14;2021;8;65;79;71;81;57;65;83;71;71;73;66;80;78;62;70;91;83;84;84;78;71;78;73;71;84;70;88;80;79;67;60
717;59;14;2021;9;59;48;53;71;67;54;54;60;48;60;46;50;39;30;41;35;47;48;50;54;54;59;61;40;57;57;31;50;45;47;NA
718;59;14;2021;10;38;50;52;41;33;36;37;31;50;55;45;48;49;42;43;37;48;23;32;38;40;59;38;39;30;44;33;41;43;37;33
719;59;14;2021;11;55;50;62;33;57;53;30;42;36;33;19;32;32;35;54;27;49;33;39;38;22;20;27;18;25;28;52;49;58;13;NA
720;59;14;2021;12;15;38;24;18;66;53;21;68;58;62;38;17;18;23;24;18;17;26;32;13;12;17;16;22;44;34;55;49;20;15;20
721;60;8;2021;1;20;25;38;32;64;38;35;26;20;21;49;83;102;108;126;131;109;98;80;83;21;21;13;14;18;31;32;29;25;12;11
722;60;8;2021;2;15;20;30;35;29;25;14;17;20;19;33;22;32;34;36;47;52;47;51;38;17;25;43;41;27;36;32;17;NA;NA;NA
723;60;8;2021;3;31;34;44;49;38;22;25;38;19;37;33;24;35;30;22;17;14;16;16;13;18;43;50;43;38;32;22;20;30;28;30
724;60;8;2021;4;20;15;26;21;30;38;22;24;27;20;12;21;32;23;25;24;15;17;34;35;22;21;20;17;19;27;33;24;14;27;NA
725;60;8;2021;5;19;14;13;27;32;30;29;26;14;16;14;13;14;16;15;10;19;26;14;26;35;14;12;16;18;22;22;23;20;14;21
726;60;8;2021;6;19;28;21;25;17;23;23;25;30;23;18;12;14;21;19;24;22;22;17;11;14;26;14;17;22;22;14;15;21;22;NA
727;60;8;2021;7;34;34;18;12;20;19;21;16;19;23;18;13;14;14;20;23;16;13;18;27;26;28;35;14;17;21;26;23;23;20;12
728;60;8;2021;8;11;17;25;14;28;18;12;16;17;21;28;21;29;32;20;18;13;17;19;19;26;19;20;20;22;33;30;20;15;17;23
729;60;8;2021;9;21;27;30;25;30;35;37;17;24;16;25;24;36;26;28;35;28;25;20;20;16;19;17;25;22;19;45;39;36;33;NA
730;60;8;2021;10;42;35;13;31;24;35;47;45;29;20;27;30;35;50;50;58;32;47;45;38;29;18;31;38;63;44;58;53;36;18;13
731;60;8;2021;11;13;23;21;43;23;26;47;48;51;49;76;56;44;34;25;44;35;51;39;30;31;40;42;40;49;56;21;18;22;68;NA
732;60;8;2021;12;54;29;43;32;12;17;35;12;17;16;38;47;52;52;62;73;60;44;35;54;49;45;51;34;23;21;13;19;36;44;47
733;60;10;2021;1;3;4;5;4;12;6;4;3;4;5;10;14;17;19;21;29;20;15;9;8;2;3;3;4;3;6;7;4;4;3;6
734;60;10;2021;2;7;3;4;7;26;7;3;3;3;4;9;3;8;7;7;9;15;64;65;28;42;5;8;20;31;31;16;18;NA;NA;NA
735;60;10;2021;3;25;35;72;76;51;33;17;12;5;12;14;6;9;8;6;7;3;5;5;4;6;10;14;14;18;26;20;16;15;20;22
736;60;10;2021;4;25;13;14;18;15;11;10;12;9;10;4;6;14;9;7;7;8;10;15;12;7;7;8;9;7;12;12;8;8;12;NA
737;60;10;2021;5;8;8;10;11;17;16;16;17;16;NA;NA;8;9;7;10;7;9;14;9;16;22;9;11;8;14;16;17;17;13;15;24
738;60;10;2021;6;20;24;23;NA;11;10;12;15;18;20;27;15;15;23;32;31;13;14;8;8;9;13;6;11;17;19;12;10;12;18;NA
739;60;10;2021;7;22;17;15;10;13;14;11;12;19;24;77;20;11;12;15;21;16;16;18;26;30;30;26;12;13;14;16;18;23;18;15
740;60;10;2021;8;8;13;19;13;13;15;12;10;24;28;72;40;44;53;34;18;14;19;22;22;17;20;NA;21;21;25;21;19;14;12;18
741;60;10;2021;9;10;10;11;10;15;19;23;8;8;8;9;14;29;15;10;11;10;8;8;8;6;8;9;14;8;5;12;13;9;14;NA
742;60;10;2021;10;14;12;6;7;9;10;10;16;10;12;13;12;9;19;23;21;15;16;18;18;9;10;7;10;21;18;20;20;17;8;6
743;60;10;2021;11;5;6;5;10;6;6;11;11;11;16;28;15;10;10;7;11;10;14;11;10;11;8;10;8;12;12;6;7;8;17;NA
744;60;10;2021;12;11;4;7;5;4;4;6;3;4;4;9;9;11;8;11;16;12;9;6;11;15;11;9;4;4;5;6;5;9;8;10
745;60;14;2021;1;54;51;33;45;16;33;32;44;54;54;37;21;12;11;6;6;12;9;12;6;50;60;59;67;43;19;15;11;18;55;64
746;60;14;2021;2;62;36;27;31;32;45;53;55;59;64;26;51;45;35;39;28;22;23;23;39;61;54;29;29;38;35;45;61;NA;NA;NA
747;60;14;2021;3;45;43;25;11;28;54;54;29;58;47;37;46;45;50;70;68;67;72;66;80;67;38;38;54;55;58;65;73;71;71;68
748;60;14;2021;4;78;63;39;73;68;60;74;64;55;56;60;72;53;59;58;72;90;85;63;50;62;62;72;78;59;47;43;49;72;61;NA
749;60;14;2021;5;69;86;79;66;67;61;62;67;75;70;NA;79;73;80;53;32;76;56;78;80;61;90;83;76;90;87;85;83;85;96;77
750;60;14;2021;6;64;70;85;73;66;67;80;85;85;97;94;102;103;105;95;87;65;61;74;68;64;52;72;92;90;92;82;84;88;85;NA
751;60;14;2021;7;73;71;66;78;67;46;63;71;88;91;98;76;70;73;88;99;108;110;105;98;109;103;78;92;87;76;83;88;89;97;76
752;60;14;2021;8;71;89;75;81;66;72;84;80;76;84;73;87;85;70;79;100;92;94;93;87;85;98;90;80;93;88;94;96;88;77;74
753;60;14;2021;9;67;54;62;88;80;60;62;67;56;67;54;62;43;36;44;45;56;59;67;65;63;69;73;51;63;70;45;53;54;62;NA
754;60;14;2021;10;48;59;60;47;47;42;47;28;54;60;48;43;50;37;40;31;45;20;27;35;41;64;45;39;23;46;27;31;46;32;31
755;60;14;2021;11;53;47;54;28;52;51;27;32;29;35;13;27;28;34;53;26;46;32;36;42;28;18;23;18;18;20;53;59;57;15;NA
756;60;14;2021;12;16;45;26;29;70;57;24;68;63;64;35;13;11;15;15;7;13;24;29;9;9;11;9;16;36;31;52;42;19;9;9
